URL,Entered On,Sale Date,Winning Bid,Reserve / Bids,DISTILLERY,VINTAGE,REGION,BOTTLER,CASK TYPE,BOTTLED STRENGTH,BOTTLE SIZE,DISTILLERY STATUS,AGE,ABV (%),Volume (L),LOA (Litres of Alcohol),Reserve Met?,Where?
https://whiskyauctioneer.com/lot/1223-01/1-fettercairn-2008-1st-fill-amontillado-barrel-4647-cask-storage-whiskybroker,2025-04-14 00:00:00,2024-01-08 00:00:00,5500,(RESERVE NOT MET) THIS LOT CURRENTLY HAS: 6 BIDS,FETTERCAIRN,2008,HIGHLAND,STILL IN CASK,1ST FILL AMONTILLADO BARREL,54.8% AS OF 10/23,79.0496 RLA AS OF 10/23,OPERATIONAL,16,54.8,144.2510949,79.0496,No,WhiskyAuction
https://whiskyauctioneer.com/lot/0821-06/1-teaninich-2010-1st-fill-amontillado-quarter-cask-706202-cask-storage-whiskybroker,2025-04-14 00:00:00,2021-09-06 00:00:00,4500,(RESERVE NOT MET) THIS LOT CURRENTLY HAS: 21 BIDS,TEANINICH,2010,HIGHLAND,STILL IN CASK,1ST FILL AMONTILLADO QUARTER CASK,59.4% AS OF 10/11/2020,99.0899 BULK LITRE AS OF 10/11/2020,OPERATIONAL,11,59.4,99.0899,58.8594006,No,WhiskyAuction
https://whiskyauctioneer.com/lot/5006133/1-holyrood-2021-1st-fill-bourbon-barrel-280-charity-lot,2025-04-14 00:00:00,2021-06-07 00:00:00,3300,(No reserve/bid info),HOLYROOD,2021,LOWLAND,STILL IN CASK,1ST FILL EX-BOURBON,60.5% AS OF 31/5/21,200.6 BULK LITRE AS 31/5/21,OPERATIONAL,0,60.5,200.6,121.363,No,WhiskyAuction
https://whiskyauctioneer.com/lot/5006134/1-holyrood-2021-1st-fill-bourbon-barrel-279-charity-lot,2025-04-14 00:00:00,2021-06-07 00:00:00,3100,(No reserve/bid info),HOLYROOD,2021,LOWLAND,STILL IN CASK,1ST FILL EX-BOURBON,60.5% AS OF 31/5/21,197.3 BULK LITRE AS 31/5/21,OPERATIONAL,0,60.5,197.3,119.3665,No,WhiskyAuction
https://whiskyauctioneer.com/lot/5006135/1-holyrood-2021-1st-fill-bourbon-barrel-278-charity-lot,2025-04-14 00:00:00,2021-06-07 00:00:00,3100,(No reserve/bid info),HOLYROOD,2021,LOWLAND,STILL IN CASK,1ST FILL EX-BOURBON,60.5% AS OF 31/5/21,200.1 BULK LITRE AS 31/5/21,OPERATIONAL,0,60.5,200.1,121.0605,No,WhiskyAuction
https://whiskyauctioneer.com/lot/0122-07/1-tullibardine-2012-1st-fill-madeira-wine-barrique-6511382012-cask-storage-whiskybroker,2025-04-14 00:00:00,2022-02-07 00:00:00,4800,(RESERVE HAS BEEN MET) THIS LOT CURRENTLY HAS: 11 BIDS,TULLIBRADINE,2012,HIGHLAND,STILL IN CASK,1ST FILL MADEIRA WINE BARRIQUE,58.3% AS OF 11/21,108.2343 RLA AS OF 11/21,OPERATIONAL,10,58.3,185.6506003,108.2343,Yes,WhiskyAuction
https://whiskyauctioneer.com/lot/0222-02/1-fettercairn-2008-1st-fill-moscatel-barrique-46482008-cask-storage-whiskybroker,2025-04-14 00:00:00,2022-03-07 00:00:00,7100,(RESERVE NOT MET) THIS LOT CURRENTLY HAS: 10 BIDS,FETTERCAIRN,2008,HIGHLAND,STILL IN CASK,1ST FILL MOSCTAEL BARRIQUE,56.9% AS OF 11/21,85 RLA AS OF 11/21,OPERATIONAL,14,56.9,149.3848858,85,No,WhiskyAuction
https://whiskyauctioneer.com/lot/276856/1-springbank-1991-first-fill-oloroso-sherry-cask-411-cask-storage-whiskybroker,2025-04-14 00:00:00,2020-08-03 00:00:00,50600,(RESERVE NOT MET) THIS LOT CURRENTLY HAS: 14 BIDS,SPRINGBANK,1991,CAMPBELTOWN,STILL IN CASK,1ST FILL OLOROSO,50.2% AS OF 18/3/2020,114.9984 BULK LITRE AS OF 18/3/2020,OPERATIONAL,29,50.2,114.9984,57.7291968,No,WhiskyAuction
https://whiskyauctioneer.com/lot/0322-05/1-craigellachie-2010-1st-fill-oloroso-barrique-900191-cask-storage-whiskybroker,2025-04-14 00:00:00,2022-04-04 00:00:00,10000,(RESERVE NOT MET) THIS LOT CURRENTLY HAS: 20 BIDS,CRAIGELLACHIE,2010,SPEYSIDE,STILL IN CASK,1ST FILL OLOROSO BARRIQUE,65.2% AS OF 17/02/2022,198.71 BULK LITRES AS OF 17/02/2022,OPERATIONAL,12,65.2,198.71,129.55892,No,WhiskyAuction
https://whiskyauctioneer.com/lot/0422-02/1-fettercairn-2008-1st-fill-oloroso-barrique-46522008-cask-storage-whiskybroker,2025-04-14 00:00:00,2022-05-02 00:00:00,10000,(RESERVE HAS BEEN MET) THIS LOT CURRENTLY HAS: 30 BIDS,FETTERCAIRN,2008,HIGHLAND,STILL IN CASK,1ST FILL OLOROSO BARRIQUE,56.6% AS OF 3/22,83 RLA AS OF 3/22,OPERATIONAL,14,56.6,146.6431095,83,Yes,WhiskyAuction
https://whiskyauctioneer.com/lot/0222-04/1-knockdhu-2013-1st-fill-oloroso-barrique-3902013-cask-storage-whiskybroker,2025-04-14 00:00:00,2022-03-07 00:00:00,5100,(RESERVE NOT MET) THIS LOT CURRENTLY HAS: 5 BIDS,KNOCKDHU,2013,HIGHLAND,STILL IN CASK,1ST FILL OLOROSO BARRIQUE,58.6% AS OF 11/21,104 RLA AS OF 11/21,OPERATIONAL,9,58.6,177.4744027,104,No,WhiskyAuction
https://whiskyauctioneer.com/lot/329226/1-ardmore-2008-1st-fill-oloroso-octave-708522a-cask-storage-whiskybroker,2025-04-14 00:00:00,2021-02-08 00:00:00,2600,(RESERVE HAS BEEN MET) THIS LOT CURRENTLY HAS: 7 BIDS,ARDMORE,2008,HIGHLAND,STILL IN CASK,1ST FILL OLOROSO OCTAVE,57.6% AS OF 21/1/2021,50.2061 BULK LITRE AS OF 21/1/2021,OPERATIONAL,13,57.6,50.2061,28.9187136,Yes,WhiskyAuction
https://whiskyauctioneer.com/lot/335421/1-glenglassaugh-2015-1st-fill-oloroso-octave-60b-cask-storage-whiskybroker,2025-04-14 00:00:00,2021-03-08 00:00:00,1800,(RESERVE HAS BEEN MET) THIS LOT CURRENTLY HAS: 9 BIDS,GLENGLASSAUGH,2015,HIGHLAND,STILL IN CASK,1ST FILL OLOROSO OCTAVE,59.7% AS OF 14/1/2021,44.4 BULK LITRE AS OF 14/1/2021,OPERATIONAL,5,59.7,44.4,26.5068,Yes,WhiskyAuction
https://whiskyauctioneer.com/lot/327959/1-glenglassaugh-2015-1st-fill-oloroso-octave-60-cask-storage-whiskybroker,2025-04-14 00:00:00,2021-02-08 00:00:00,2600,(RESERVE HAS BEEN MET) THIS LOT CURRENTLY HAS: 3 BIDS,GLENGLASSAUGH,2015,HIGHLAND,STILL IN CASK,1ST FILL OLOROSO OCTAVE,59.7% AS OF 14/1/2021,44.4030 BULK LITRE AS OF 14/1/2021,OPERATIONAL,5,59.7,44.403,26.508591,Yes,WhiskyAuction
https://whiskyauctioneer.com/lot/327961/1-glenglassaugh-2015-1st-fill-oloroso-octave-60a-cask-storage-whiskybroker,2025-04-14 00:00:00,2021-02-08 00:00:00,2200,(RESERVE HAS BEEN MET) THIS LOT CURRENTLY HAS: 19 BIDS,GLENGLASSAUGH,2015,HIGHLAND,STILL IN CASK,1ST FILL OLOROSO OCTAVE,59.7% AS OF 14/1/2021,44.4030 BULK LITRE AS OF 14/1/2021,OPERATIONAL,5,59.7,44.403,26.508591,Yes,WhiskyAuction
https://whiskyauctioneer.com/lot/321454/1-tullibardine-2016-1st-fill-oloroso-octave-265b-cask-storage-whiskybroker,2025-04-14 00:00:00,2021-01-11 00:00:00,1601,(RESERVE HAS BEEN MET) THIS LOT CURRENTLY HAS: 23 BIDS,TULLIBARDINE,2016,HIGHLAND,STILL IN CASK,1ST FILL OLOROSO OCTAVE,66.6% AS OF 1/12/2020,45.3665 BULK LITRE AS OF 1/12/2020,OPERATIONAL,5,66.6,45.3665,30.214089,Yes,WhiskyAuction
https://whiskyauctioneer.com/lot/321456/1-tullibardine-2016-1st-fill-oloroso-octave-265c-cask-storage-whiskybroker,2025-04-14 00:00:00,2021-01-11 00:00:00,1555,(RESERVE HAS BEEN MET) THIS LOT CURRENTLY HAS: 17 BIDS,TULLIBARDINE,2016,HIGHLAND,STILL IN CASK,1ST FILL OLOROSO OCTAVE,66.6% AS OF 1/12/2020,44.2600 BULK LITRE AS OF 1/12/2020,OPERATIONAL,5,66.6,44.26,29.47716,Yes,WhiskyAuction
https://whiskyauctioneer.com/lot/309996/1-tullibardine-2018-1st-fill-sherry-octave-8000036e-cask-storage-whiskybroker,2025-04-14 00:00:00,2020-12-07 00:00:00,1250,(RESERVE HAS BEEN MET) THIS LOT CURRENTLY HAS: 20 BIDS,TULLIBARDINE,2018,HIGHLAND,STILL IN CASK,1ST FILL OLOROSO OCTAVE,69.7% AS OF 8/10/2020,52.5977 BULK LITRE AS OF 8/10/2020,OPERATIONAL,2,69.7,52.5977,36.6605969,Yes,WhiskyAuction
https://whiskyauctioneer.com/lot/299534/1-tullibardine-2018-1st-fill-sherry-octave-8000036a-cask-storage-whiskybroker,2025-04-14 00:00:00,2020-11-09 00:00:00,1600,(RESERVE HAS BEEN MET) THIS LOT CURRENTLY HAS: 25 BIDS,TULLIBARDINE,2018,HIGHLAND,STILL IN CASK,1ST FILL OLOROSO OCTAVE,69.7% AS OF 8/10/2020,52.5977 BULK LITRE AS OF 8/10/2020,OPERATIONAL,2,69.7,52.5977,36.6605969,Yes,WhiskyAuction
https://whiskyauctioneer.com/lot/1021-03/1-craigellachie-2010-1st-fill-oloroso-quarter-cask-900187-cask-storage-whiskybroker,2025-04-14 00:00:00,2021-11-08 00:00:00,5400,(RESERVE HAS BEEN MET) THIS LOT CURRENTLY HAS: 15 BIDS,CRAIGELLACHIE,2010,SPEYSIDE,STILL IN CASK,1ST FILL OLOROSO QUARTER CASK,66.3% AS OF 9/10/2020,116.4345 BULK LITRE AS OF 9/10/2020,OPERATIONAL,11,66.3,116.4345,77.1960735,Yes,WhiskyAuction
https://whiskyauctioneer.com/lot/0821-04/1-craigellachie-2010-1st-fill-oloroso-quarter-cask-900187-cask-storage-whiskybroker,2025-04-14 00:00:00,2021-09-06 00:00:00,5800,(RESERVE NOT MET) THIS LOT CURRENTLY HAS: 14 BIDS,CRAIGELLACHIE,2010,SPEYSIDE,STILL IN CASK,1ST FILL OLOROSO QUARTER CASK,66.3% AS OF 9/10/2020,116.4345 BULK LITRE AS OF 9/10/2020,OPERATIONAL,11,66.3,116.4345,77.1960735,No,WhiskyAuction
https://whiskyauctioneer.com/lot/0921-08/1-glenlossie-2013-1st-fill-oloroso-quarter-cask-111153-cask-storage-whiskybroker,2025-04-14 00:00:00,2021-10-04 00:00:00,4600,(RESERVE HAS BEEN MET) THIS LOT CURRENTLY HAS: 14 BIDS,GLENLOSSIE,2013,SPEYSIDE,STILL IN CASK,1ST FILL OLOROSO QUARTER CASK,63.3% AS OF 2021,63.3 RLA AS OF 2021,OPERATIONAL,8,63.3,100,63.3,Yes,WhiskyAuction
https://whiskyauctioneer.com/lot/1221-05/1-strathmill-2009-1st-fill-oloroso-quarter-cask-800835a-cask-storage-whiskybroker,2025-04-14 00:00:00,2022-01-10 00:00:00,8100,(RESERVE HAS BEEN MET) THIS LOT CURRENTLY HAS: 18 BIDS,STRATHMILL,2009,SPEYSIDE,STILL IN CASK,1ST FILL OLOROSO QUARTER CASK,58.5% AS OF 11/21,60.7 RLA AS OF 11/21,OPERATIONAL,12,58.5,103.7606838,60.7,Yes,WhiskyAuction
https://whiskyauctioneer.com/lot/5019650/1-caol-ila-2007-1st-fill-palo-cortado-hogshead-18-cask-storage,2025-04-14 00:00:00,2021-08-09 00:00:00,16501,(RESERVE NOT MET) THIS LOT CURRENTLY HAS: 19 BIDS,CAOL ILA,2007,ISLAY,STILL IN CASK,1ST FILL PALO CORTADO,60.2% AS OF 17/12/2020,159.60 BULK LITRE AS OF 17/12/2020,OPERATIONAL,14,60.2,159.6,96.0792,No,WhiskyAuction
https://whiskyauctioneer.com/lot/1221-04/1-knockdhu-2013-1st-fill-palo-cortado-barrique-391-cask-storage-whiskybroker,2025-04-14 00:00:00,2022-01-10 00:00:00,6000,(RESERVE HAS BEEN MET) THIS LOT CURRENTLY HAS: 13 BIDS,KNOCKDHU,2013,HIGHLAND,STILL IN CASK,1ST FILL PALO CORTADO BARRIQUE,56.4% AS OF 11/21,91.8 RLA AS OF 11/21,OPERATIONAL,8,56.4,162.7659574,91.8,Yes,WhiskyAuction
https://whiskyauctioneer.com/lot/0222-07/1-tullibardine-2012-1st-fill-pineau-quarter-cask-651257-cask-storage-whiskybroker,2025-04-14 00:00:00,2022-03-07 00:00:00,4500,(RESERVE HAS BEEN MET) THIS LOT CURRENTLY HAS: 12 BIDS,TULLIBRADINE,2012,HIGHLAND,STILL IN CASK,1ST FILL PINEAU QUARTER CASK,56.8% AS OF 11/21,65.7552 RLA AS OF 11/21,OPERATIONAL,10,56.8,115.7661972,65.7552,Yes,WhiskyAuction
https://whiskyauctioneer.com/lot/0122-08/1-tullibardine-2012-1st-fill-pineau-quarter-cask-651257-cask-storage-whiskybroker,2025-04-14 00:00:00,2022-02-07 00:00:00,3100,(RESERVE HAS BEEN MET) THIS LOT CURRENTLY HAS: 20 BIDS,TULLIBRADINE,2012,HIGHLAND,STILL IN CASK,1ST FILL PINEAU QUARTER CASK,56.8% AS OF 11/21,65.7552 RLA AS OF 11/21,OPERATIONAL,10,56.8,115.7661972,65.7552,Yes,WhiskyAuction
https://whiskyauctioneer.com/lot/1221-03/1-fettercairn-2008-1st-fill-px-barrique-4661-cask-storage-whiskybroker,2025-04-14 00:00:00,2022-01-10 00:00:00,9200,(RESERVE HAS BEEN MET) THIS LOT CURRENTLY HAS: 23 BIDS,FETTERCAIRN,2008,HIGHLAND,STILL IN CASK,1ST FILL PX BARRIQUE,54% AS OF 11/21,68 RLA AS OF 11/21,OPERATIONAL,13,54,125.9259259,68,Yes,WhiskyAuction
https://whiskyauctioneer.com/lot/0122-03/1-fettercairn-2008-1st-fill-px-barrique-46622008-cask-storage-whiskybroker,2025-04-14 00:00:00,2022-02-07 00:00:00,8700,(RESERVE HAS BEEN MET) THIS LOT CURRENTLY HAS: 22 BIDS,FETTERCAIRN,2008,HIGHLAND,STILL IN CASK,1ST FILL PX BARRIQUE,56.4% AS OF 11/21,84 RLA AS OF 11/21,OPERATIONAL,14,56.4,148.9361702,84,Yes,WhiskyAuction
https://whiskyauctioneer.com/lot/1221-02/1-dailuaine-2010-1st-fill-px-quarter-cask-310230a-cask-storage-whiskybroker,2025-04-14 00:00:00,2022-01-10 00:00:00,4200,(RESERVE HAS BEEN MET) THIS LOT CURRENTLY HAS: 16 BIDS,DAILUAINE,2010,SPEYSIDE,STILL IN CASK,1ST FILL PX QUARTER CASK,55.2% AS OF 11/21,44.1 RLA AS OF 11/21,OPERATIONAL,11,55.2,79.89130435,44.1,Yes,WhiskyAuction
https://whiskyauctioneer.com/lot/0222-03/1-glen-ord-2013-1st-fill-px-quarter-cask-2542013-cask-storage-whiskybroker,2025-04-14 00:00:00,2022-03-07 00:00:00,5600,(RESERVE HAS BEEN MET) THIS LOT CURRENTLY HAS: 10 BIDS,GLEN ORD,2013,HIGHLAND,STILL IN CASK,1ST FILL PX QUARTER CASK,59.1% AS OF 11/21,62 RLA AS OF 11/21,OPERATIONAL,9,59.1,104.9069374,62,Yes,WhiskyAuction
https://whiskyauctioneer.com/lot/0821-05/1-inchgower-2009-1st-fill-px-quarter-cask-803605a-cask-storage-whiskybroker,2025-04-14 00:00:00,2021-09-06 00:00:00,4600,(RESERVE NOT MET) THIS LOT CURRENTLY HAS: 22 BIDS,INCHGOWER,2009,SPEYSIDE,STILL IN CASK,1ST FILL PX QUARTER CASK,59.3% AS OF 14/1/2021,119.1080 BULK LITRE AS OF 14/1/2021,OPERATIONAL,12,59.3,119.108,70.631044,No,WhiskyAuction
https://whiskyauctioneer.com/lot/0122-06/1-knockdhu-2013-1st-fill-px-quarter-cask-3932013-cask-storage-whiskybroker,2025-04-14 00:00:00,2022-02-07 00:00:00,3500,(RESERVE HAS BEEN MET) THIS LOT CURRENTLY HAS: 7 BIDS,KNOCKDHU,2013,HIGHLAND,STILL IN CASK,1ST FILL PX QUARTER CASK,57.0% AS OF 11/21,50.9 RLA AS OF 11/21,OPERATIONAL,9,57,89.29824561,50.9,Yes,WhiskyAuction
https://whiskyauctioneer.com/lot/1021-04/1-arran-1996-sherry-hogshead-1202-cask-storage-lochranza,2025-04-14 00:00:00,2021-11-08 00:00:00,33000,(RESERVE HAS BEEN MET) THIS LOT CURRENTLY HAS: 37 BIDS,ARRAN (LOCHRANZA),1996,ISLAND,STILL IN CASK,1ST FILL SHERRY HOGSHEAD,54.7% AS OF 21/9/2021,138.1 BULK LITRE AS OF 21/9/2021,OPERATIONAL,25,54.7,138.1,75.5407,Yes,WhiskyAuction
https://whiskyauctioneer.com/lot/341417/1-arran-1996-1st-fill-sherry-hogshead-94-cask-storage-lochranza,2025-04-14 00:00:00,2021-04-05 00:00:00,40500,(RESERVE HAS BEEN MET) THIS LOT CURRENTLY HAS: 34 BIDS,ARRAN (LOCHRANZA),1996,ISLAND,STILL IN CASK,1ST FILL SHERRY HOGSHEAD,51.3% AS OF 24/2/2021,210.7 BULK LITRE AS OF 24/2/2021,OPERATIONAL,25,51.3,210.7,108.0891,Yes,WhiskyAuction
https://whiskyauctioneer.com/lot/0225-01/cask-arran-2014-first-fill-sherry-hogshead-140913-stored-lochranza,2025-04-14 00:00:00,2025-03-10 00:00:00,6100,(RESERVE NOT MET) THIS LOT CURRENTLY HAS: 21 BIDS,LOCHRANZA,2014,ISLAND,STILL IN CASK,1ST FILL SHERRY HOGSHEAD,57.3% AS OF JANUARY 2025,BULK 202.7 LITRES AS OF JANUARY 2025,OPERATIONAL,11,57.3,202.7,116.1471,No,WhiskyAuction
https://whiskyauctioneer.com/lot/0921-05/1-crolly-irish-single-malt-2020-ex-bourbon-cask-200-litre-cask-storage-crolly-whiskey,2025-04-14 00:00:00,2021-10-04 00:00:00,6000,(No reserve/bid info),CROLLY,2020,IRELAND,STILL IN CASK,200 LITRE EX-BOURBON,N/A,200 LITRE BARREL,OPERATIONAL,1,N/A,200,0,No,WhiskyAuction
https://whiskyauctioneer.com/lot/0921-07/1-ardmore-2009-barrel-708495-cask-storage-whiskybroker,2025-04-14 00:00:00,2021-10-04 00:00:00,6200,(RESERVE HAS BEEN MET) THIS LOT CURRENTLY HAS: 12 BIDS,ARDMORE,2009,HIGHLAND,STILL IN CASK,BARREL,60.6% AS OF 2021,93.4 RLA AS OF 2021,OPERATIONAL,12,60.6,154.1254125,93.4,Yes,WhiskyAuction
https://whiskyauctioneer.com/lot/0722-01/1-aultmore-2012-barrel-800973-cask-storage-beam-suntory,2025-04-14 00:00:00,2022-08-08 00:00:00,4000,(RESERVE HAS BEEN MET) THIS LOT CURRENTLY HAS: 15 BIDS,AULTMORE,2012,SPEYSIDE,STILL IN CASK,BARREL,63.4% AS OF 29.5.2012,120.7 BULK LITRE AS OF 29.5.2012,OPERATIONAL,10,63.4,120.7,76.5238,Yes,WhiskyAuction
https://whiskyauctioneer.com/lot/1121-01/1-aultmore-2012-barrel-800976-cask-storage-beam-suntory,2025-04-14 00:00:00,2021-12-06 00:00:00,3300,(RESERVE HAS BEEN MET) THIS LOT CURRENTLY HAS: 10 BIDS,AULTMORE,2012,SPEYSIDE,STILL IN CASK,BARREL,63.4% AS OF 29.5.2012,125.8 BULK LITRE AS OF 29.5.2012,OPERATIONAL,9,63.4,125.8,79.7572,Yes,WhiskyAuction
https://whiskyauctioneer.com/lot/1021-02/1-aultmore-2012-barrel-800975-cask-storage-beam-suntory,2025-04-14 00:00:00,2021-11-08 00:00:00,4200,(RESERVE HAS BEEN MET) THIS LOT CURRENTLY HAS: 28 BIDS,AULTMORE,2012,SPEYSIDE,STILL IN CASK,BARREL,63.4% AS OF 29.5.2012,122 OLA AS OF 29.5.2012,OPERATIONAL,9,63.4,192.4290221,122,Yes,WhiskyAuction
https://whiskyauctioneer.com/lot/0921-02/1-aultmore-2012-barrel-800974-cask-storage-beam-suntory,2025-04-14 00:00:00,2021-10-04 00:00:00,3400,(RESERVE HAS BEEN MET) THIS LOT CURRENTLY HAS: 37 BIDS,AULTMORE,2012,SPEYSIDE,STILL IN CASK,BARREL,63.4% AS OF 29.5.2012,125.2 BULK LITRE AS OF 29.5.2012,OPERATIONAL,9,63.4,125.2,79.3768,Yes,WhiskyAuction
https://whiskyauctioneer.com/lot/0821-02/1-aultmore-2012-barrel-800973-cask-storage-beam-suntory,2025-04-14 00:00:00,2021-09-06 00:00:00,4100,(RESERVE HAS BEEN MET) THIS LOT CURRENTLY HAS: 15 BIDS,AULTMORE,2012,SPEYSIDE,STILL IN CASK,BARREL,63.4% AS OF 29.5.2012,120.7 BULK LITRE AS OF 29.5.2012,OPERATIONAL,9,63.4,120.7,76.5238,Yes,WhiskyAuction
https://whiskyauctioneer.com/lot/0722-01a/1-aultmore-2012-barrel-800973-cask-storage-beam-suntory,2025-04-14 00:00:00,2023-03-06 00:00:00,3400,(RESERVE NOT MET) THIS LOT CURRENTLY HAS: 15 BIDS,AULTMORE,2012,SPEYSIDE,STILL IN CASK,BARREL,63.4% AS OF 29.5.2012,120.7 BULK LITRE AS OF 29.5.2012,OPERATIONAL,11,63.4,120.7,76.5238,No,WhiskyAuction
https://whiskyauctioneer.com/lot/190317/1-caroni-1997-barrel-60-cask-storage-whiskybroker,2025-04-14 00:00:00,2019-07-01 00:00:00,29000,(RESERVE HAS BEEN MET) THIS LOT CURRENTLY HAS: 17 BIDS,CARONI,1997,TRINIDAD,STILL IN CASK,BARREL,64.5% AS OF 13/05/2019,162.3 LITRE AS OF 13/05/2019,CLOSED,22,64.5,162.3,104.6835,Yes,WhiskyAuction
https://whiskyauctioneer.com/lot/183740/1-caroni-1997-barrel-82-cask-storage-whiskybroker,2025-04-14 00:00:00,2019-05-20 00:00:00,25000,(RESERVE HAS BEEN MET) THIS LOT CURRENTLY HAS: 21 BIDS,CARONI,1997,TRINIDAD,STILL IN CASK,BARREL,61.7% AS OF 11/04/2019,158 LITRE AS OF 11/04/2019,CLOSED,22,61.7,158,97.486,Yes,WhiskyAuction
https://whiskyauctioneer.com/lot/183741/1-caroni-1997-barrel-84-cask-storage-whiskybroker,2025-04-14 00:00:00,2019-05-20 00:00:00,25000,(RESERVE HAS BEEN MET) THIS LOT CURRENTLY HAS: 22 BIDS,CARONI,1997,TRINIDAD,STILL IN CASK,BARREL,62.1% AS OF 11/04/2019,168.6 LITRE AS OF 11/04/2019,CLOSED,22,62.1,168.6,104.7006,Yes,WhiskyAuction
https://whiskyauctioneer.com/lot/0122-02a/1-craigellachie-2012-barrel-800673-cask-storage-beam-springburn,2025-04-14 00:00:00,2022-03-07 00:00:00,4300,(RESERVE HAS BEEN MET) THIS LOT CURRENTLY HAS: 12 BIDS,CRAIGELLACHIE,2012,SPEYSIDE,STILL IN CASK,BARREL,63.4% AS OF 31.10.2012,105.4 BULK LITRES AS OF 31.10.2012,OPERATIONAL,10,63.4,105.4,66.8236,Yes,WhiskyAuction
https://whiskyauctioneer.com/lot/0921-03/1-craigellachie-2012-barrel-800676-cask-storage-beam-springburn,2025-04-14 00:00:00,2021-10-04 00:00:00,4500,(RESERVE HAS BEEN MET) THIS LOT CURRENTLY HAS: 17 BIDS,CRAIGELLACHIE,2012,SPEYSIDE,STILL IN CASK,BARREL,63.4% AS OF 31.10.2012,128.5 BULK LITRES AS OF 31.10.2012,OPERATIONAL,9,63.4,128.5,81.469,Yes,WhiskyAuction
https://whiskyauctioneer.com/lot/0821-03/1-craigellachie-2012-barrel-800673-cask-storage-beam-springburn,2025-04-14 00:00:00,2021-09-06 00:00:00,4100,(RESERVE HAS BEEN MET) THIS LOT CURRENTLY HAS: 14 BIDS,CRAIGELLACHIE,2012,SPEYSIDE,STILL IN CASK,BARREL,63.4% AS OF 31.10.2012,105.4 BULK LITRES AS OF 31.10.2012,OPERATIONAL,9,63.4,105.4,66.8236,Yes,WhiskyAuction
https://whiskyauctioneer.com/lot/0122-02/1-craigellachie-2012-barrel-800673-cask-storage-beam-springburn,2025-04-14 00:00:00,2022-02-07 00:00:00,3100,(RESERVE NOT MET) THIS LOT CURRENTLY HAS: 8 BIDS,CRAIGELLACHIE,2012,SPEYSIDE,STILL IN CASK,BARREL,63.4% AS OF 31.10.2012,105.4 BULK LITRES AS OF 31.10.2012,OPERATIONAL,10,63.4,105.4,66.8236,No,WhiskyAuction
https://whiskyauctioneer.com/lot/5001404/1-dalmunach-2016-barrel-973-cask-storage-whiskybroker,2025-04-14 00:00:00,2021-05-10 00:00:00,3401,(RESERVE HAS BEEN MET) THIS LOT CURRENTLY HAS: 46 BIDS,DALMUNACH,2016,SPEYSIDE,STILL IN CASK,BARREL,67.2% AS OF 6/4/2021,109.550 BULK LITRE AS OF 6/4/2021,OPERATIONAL,4,67.2,109.55,73.6176,Yes,WhiskyAuction
https://whiskyauctioneer.com/lot/327957/1-dalmunach-2016-barrel-934-cask-storage-whiskybroker,2025-04-14 00:00:00,2021-02-08 00:00:00,3900,(RESERVE HAS BEEN MET) THIS LOT CURRENTLY HAS: 21 BIDS,DALMUNACH,2016,SPEYSIDE,STILL IN CASK,BARREL,67.3% AS OF 13/1/2021,192.009 BULK LITRE AS OF 13/1/2021,OPERATIONAL,4,67.3,192.009,129.222057,Yes,WhiskyAuction
https://whiskyauctioneer.com/lot/299830/glen-moray-2007-barrel-6343-cask-storage-whiskybroker,2025-04-14 00:00:00,2020-11-09 00:00:00,5200,(RESERVE NOT MET) THIS LOT CURRENTLY HAS: 16 BIDS,GLEN MORAY,2007,SPEYSIDE,STILL IN CASK,BARREL,59.6% AS OF 9/9/2020,148.0 BULK LITRE AS OF 9/9/2020,OPERATIONAL,13,59.6,148,88.208,No,WhiskyAuction
https://whiskyauctioneer.com/lot/0824-03/cask-heaven-hill-2009-barrel-3440944-stored-inveralmond-bond,2025-04-14 00:00:00,2024-09-09 00:00:00,8800,(RESERVE HAS BEEN MET) THIS LOT CURRENTLY HAS: 25 BIDS,HEAVEN HILL BERNHEIM,2009,"KENTUCKY, USA",STILL IN CASK,BARREL,65.6% AS OF 21/05/2024,BULK 147.8 LITRES AS OF 21/05/2024,OPERATIONAL,15,65.6,147.8,96.9568,Yes,WhiskyAuction
https://whiskyauctioneer.com/lot/0824-04/cask-heaven-hill-2009-barrel-3440946-stored-inveralmond-bond,2025-04-14 00:00:00,2024-09-09 00:00:00,8800,(RESERVE HAS BEEN MET) THIS LOT CURRENTLY HAS: 28 BIDS,HEAVEN HILL BERNHEIM,2009,"KENTUCKY, USA",STILL IN CASK,BARREL,62.5% AS OF 21/05/2024,BULK 165.5 LITRES AS OF 21/05/2024,OPERATIONAL,15,62.5,165.5,103.4375,Yes,WhiskyAuction
https://whiskyauctioneer.com/lot/0824-02/cask-heaven-hill-2009-barrel-3440943-stored-inveralmond-bond,2025-04-14 00:00:00,2024-09-09 00:00:00,9100,(RESERVE HAS BEEN MET) THIS LOT CURRENTLY HAS: 33 BIDS,HEAVEN HILL BERNHEIM,2009,"KENTUCKY, USA",STILL IN CASK,BARREL,66.4% AS OF 21/05/2024,BULK 158.3 LITRES AS OF 21/05/2024,OPERATIONAL,15,66.4,158.3,105.1112,Yes,WhiskyAuction
https://whiskyauctioneer.com/lot/0524-03a/cask-jura-2009-hogshead-103352-stored-invergordon,2025-04-14 00:00:00,2024-09-09 00:00:00,7500,(RESERVE NOT MET) THIS LOT CURRENTLY HAS: 3 BIDS,JURA,2009,ISLAND,STILL IN CASK,BARREL,57.52% AS OF MAY 2024,BULK 131.43 LITRE AS OF MAY 2024,OPERATIONAL,15,57.52,131.43,75.598536,No,WhiskyAuction
https://whiskyauctioneer.com/lot/1021-11/1-tullibardine-2015-barrel-93-cask-storage-north-british-distillery,2025-04-14 00:00:00,2021-11-08 00:00:00,3000,(RESERVE HAS BEEN MET) THIS LOT CURRENTLY HAS: 15 BIDS,TULLIBARDINE,2015,HIGHLAND,STILL IN CASK,BARREL,62.20%,116.1 RLA,OPERATIONAL,6,62.2,186.6559486,116.1,Yes,WhiskyAuction
https://whiskyauctioneer.com/lot/71447/1-ardmore-2010-bourbon-cask-803520-lightly-peated-stored-whisky-broker,2025-04-14 00:00:00,2017-07-03 00:00:00,1500,(RESERVE NOT MET) THIS LOT CURRENTLY HAS: 20 BIDS,ARDMORE,2010,HIGHLAND,STILL IN CASK,BOURBON,62.20%,RLA 105.19 Litres / Strength 62.2%,OPERATIONAL,7,62.2,169.1157556,105.19,No,WhiskyAuction
https://whiskyauctioneer.com/lot/1021-12/1-fettercairn-2008-bourbon-barrel-4621-cask-storage-whiskybroker,2025-04-14 00:00:00,2021-11-08 00:00:00,8100,(RESERVE NOT MET) THIS LOT CURRENTLY HAS: 32 BIDS,FETTERCAIRN,2008,HIGHLAND,STILL IN CASK,BOURBON BARREL,57.40%,94.1 RLA,OPERATIONAL,13,57.4,163.9372822,94.1,No,WhiskyAuction
https://whiskyauctioneer.com/lot/299533/1-glen-moray-2015-bourbon-barrel-365-cask-storage-whiskybroker,2025-04-14 00:00:00,2020-11-09 00:00:00,2700,(RESERVE HAS BEEN MET) THIS LOT CURRENTLY HAS: 12 BIDS,GLEN MORAY,2015,SPEYSIDE,STILL IN CASK,BOURBON BARREL,61.2% AS OF 5/10/2020,117.7864 BULK LITRE AS OF 5/10/2020,OPERATIONAL,5,61.2,117.7864,72.0852768,Yes,WhiskyAuction
https://whiskyauctioneer.com/lot/251162/1-glentauchers-2009-bourbon-barrel-700239-cask-held-bond-hah-whisky,2025-04-14 00:00:00,2020-03-11 00:00:00,4100,(RESERVE HAS BEEN MET) THIS LOT CURRENTLY HAS: 11 BIDS,GLENTAUCHERS,2009,SPEYSIDE,STILL IN CASK,BOURBON BARREL,59.90%,159 BULK LITRE,OPERATIONAL,10,59.9,159,95.241,Yes,WhiskyAuction
https://whiskyauctioneer.com/lot/251163/1-glentauchers-2009-bourbon-barrel-700240-cask-held-bond-hah-whisky,2025-04-14 00:00:00,2020-03-11 00:00:00,3600,(RESERVE HAS BEEN MET) THIS LOT CURRENTLY HAS: 8 BIDS,GLENTAUCHERS,2009,SPEYSIDE,STILL IN CASK,BOURBON BARREL,60.80%,318 BULK LITRE,OPERATIONAL,10,60.8,318,193.344,Yes,WhiskyAuction
https://whiskyauctioneer.com/lot/299832/glentauchers-2009-bourbon-barrel-700240-cask-storage-whiskybroker,2025-04-14 00:00:00,2020-11-09 00:00:00,4900,(RESERVE NOT MET) THIS LOT CURRENTLY HAS: 23 BIDS,GLENTAUCHERS,2009,SPEYSIDE,STILL IN CASK,BOURBON BARREL,59.8% AS OF 9/9/2020,167.3 BULK LITRE AS OF 9/9/2020,OPERATIONAL,11,59.8,167.3,100.0454,No,WhiskyAuction
https://whiskyauctioneer.com/lot/271164/1-north-british-2006-bourbon-barrel-818381-cask-storage-whiskybroker,2025-04-14 00:00:00,2020-07-06 00:00:00,3500,(RESERVE HAS BEEN MET) THIS LOT CURRENTLY HAS: 34 BIDS,NORTH BRITISH,2006,LOWLAND,STILL IN CASK,BOURBON BARREL,61.5% AS OF 5/6/2020,117.43 BULK LITRE AS OF 5/6/2020,OPERATIONAL,13,61.5,117.43,72.21945,Yes,WhiskyAuction
https://whiskyauctioneer.com/lot/0522-03/1-macallan-1989-bourbon-hogshead-5439-cask-storage-loch-lomond,2025-04-14 00:00:00,2022-06-06 00:00:00,92500,(RESERVE HAS BEEN MET) THIS LOT CURRENTLY HAS: 83 BIDS,MACALLAN,1989,SPEYSIDE,STILL IN CASK,BOURBON HOGSHEAD,40.7% AS OF 05/2022,113 BULK LITRES AS OF 05/2022,OPERATIONAL,33,40.7,113,45.991,Yes,WhiskyAuction
https://whiskyauctioneer.com/lot/290805/1-north-british-2007-bourbon-hogshead-315687-cask-storage-whiskybroker,2025-04-14 00:00:00,2020-10-05 00:00:00,2700,(RESERVE HAS BEEN MET) THIS LOT CURRENTLY HAS: 17 BIDS,NORTH BRITISH,2007,LOWLAND,STILL IN CASK,BOURBON HOGSHEAD,59.9% AS OF 19/8/2020,205.32 BULK LITRE AS OF 19/8/2020,OPERATIONAL,13,59.9,205.32,122.98668,Yes,WhiskyAuction
https://whiskyauctioneer.com/lot/286522/1-north-british-2007-bourbon-hogshead-315686-cask-storage-whiskybroker,2025-04-14 00:00:00,2020-09-07 00:00:00,5050,(RESERVE HAS BEEN MET) THIS LOT CURRENTLY HAS: 36 BIDS,NORTH BRITISH,2007,LOWLAND,STILL IN CASK,BOURBON HOGSHEAD,61.8% AS OF 20/8/2020,209.4940 BULK LITRE AS OF 20/8/2020,OPERATIONAL,13,61.8,209.494,129.467292,Yes,WhiskyAuction
https://whiskyauctioneer.com/lot/5019649/1-port-dundas-2009-bourbon-hogshead-728279-cask-storage-whiskybroker,2025-04-14 00:00:00,2021-08-09 00:00:00,3000,(RESERVE HAS BEEN MET) THIS LOT CURRENTLY HAS: 58 BIDS,PORT DUNDAS,2009,LOWLAND,STILL IN CASK,BOURBON HOGSHEAD,63.8% AS OF 19/4/2021,212.5017 BULK LITRE AS OF 19/4/2021,CLOSED,12,63.8,212.5017,135.5760846,Yes,WhiskyAuction
https://whiskyauctioneer.com/lot/5006041/1-port-dundas-2009-bourbon-hogshead-728273-cask-storage-whiskybroker,2025-04-14 00:00:00,2021-06-07 00:00:00,3400,(RESERVE HAS BEEN MET) THIS LOT CURRENTLY HAS: 18 BIDS,PORT DUNDAS,2009,LOWLAND,STILL IN CASK,BOURBON HOGSHEAD,63.9% AS OF 19/4/2021,219.1508 BULK LITRE AS OF 19/4/2021,CLOSED,12,63.9,219.1508,140.0373612,Yes,WhiskyAuction
https://whiskyauctioneer.com/lot/299532/1-port-dundas-2009-bourbon-hogshead-728313-cask-storage-whiskybroker,2025-04-14 00:00:00,2020-11-09 00:00:00,3600,(RESERVE HAS BEEN MET) THIS LOT CURRENTLY HAS: 9 BIDS,PORT DUNDAS,2009,LOWLAND,STILL IN CASK,BOURBON HOGSHEAD,63.0% AS OF 2/10/2020,223.8492 BULK LITRE AS OF 2/10/2020,CLOSED,11,63,223.8492,141.024996,Yes,WhiskyAuction
https://whiskyauctioneer.com/lot/271165/1-port-dundas-2009-bourbon-hogshead-756131-cask-storage-whiskybroker,2025-04-14 00:00:00,2020-07-06 00:00:00,5000,(RESERVE HAS BEEN MET) THIS LOT CURRENTLY HAS: 41 BIDS,PORT DUNDAS,2009,LOWLAND,STILL IN CASK,BOURBON HOGSHEAD,64.2% AS OF 5/6/2020,223.311 BULK LITRE AS OF 5/6/2020,CLOSED,11,64.2,223.311,143.365662,Yes,WhiskyAuction
https://whiskyauctioneer.com/lot/0924-03/cask-port-dundas-2009-bourbon-hogshead-728279-stored-lowland-bond,2025-04-14 00:00:00,2024-10-07 00:00:00,2100,(RESERVE NOT MET) THIS LOT CURRENTLY HAS: 7 BIDS,PORT DUNDAS,2009,LOWLAND,STILL IN CASK,BOURBON HOGSHEAD,63.8% AS OF JULY 2024,BULK 212.5 LITRES AS OF JULY 2024,CLOSED,15,63.8,212.5,135.575,No,WhiskyAuction
https://whiskyauctioneer.com/lot/137230/1-macallan-1990-hogshead-1014-cask-storage-macallan,2025-04-14 00:00:00,2018-11-05 00:00:00,81500,(RESERVE HAS BEEN MET) THIS LOT CURRENTLY HAS: 22 BIDS,MACALLAN,1990,SPEYSIDE,STILL IN CASK,BOURBON HOGSHEAD,47.80%,159 LITRE AS OF JUNE 2018,OPERATIONAL,27,47.8,159,76.002,Yes,WhiskyAuction
https://whiskyauctioneer.com/lot/0724-02b/cask-laphroaig-1998-butt-700042-stored-edrington,2025-04-14 00:00:00,2024-12-02 00:00:00,60000,(RESERVE NOT MET) THIS LOT CURRENTLY HAS: 7 BIDS,LAPHROAIG,1998,ISLAY,STILL IN CASK,BUTT,56.8% AS OF JULY 2024,BULK 295 LITRES AS OF JULY 2024,OPERATIONAL,26,56.8,295,167.56,No,WhiskyAuction
https://whiskyauctioneer.com/lot/0724-02a/cask-laphroaig-1998-butt-700042-stored-edrington,2025-04-14 00:00:00,2024-10-07 00:00:00,90000,(RESERVE NOT MET) THIS LOT CURRENTLY HAS: 9 BIDS,LAPHROAIG,1998,ISLAY,STILL IN CASK,BUTT,56.8% AS OF JULY 2024,BULK 295 LITRES AS OF JULY 2024,OPERATIONAL,26,56.8,295,167.56,No,WhiskyAuction
https://whiskyauctioneer.com/lot/0724-02/cask-laphroaig-1998-butt-700042-stored-edrington,2025-04-14 00:00:00,2024-08-05 00:00:00,100000,(RESERVE NOT MET) THIS LOT CURRENTLY HAS: 9 BIDS,LAPHROAIG,1998,ISLAY,STILL IN CASK,BUTT,49.1% AS OF JULY 2024,BULK 295 LITRES AS OF JULY 2024,OPERATIONAL,26,49.1,295,144.845,No,WhiskyAuction
https://whiskyauctioneer.com/lot/0323-04/1-orkney-single-malt-2008-butt-1-cask-storage-whisky-broker,2025-04-14 00:00:00,2023-04-10 00:00:00,25000,(RESERVE HAS BEEN MET) THIS LOT CURRENTLY HAS: 15 BIDS,Unknown,2008,ISLAND,STILL IN CASK,BUTT,65.3% AS OF 22/03/2023,BULK 486.4671 LITRES AS OF 22/03/2023,OPERATIONAL,15,65.3,486.4671,317.6630163,Yes,WhiskyAuction
https://whiskyauctioneer.com/lot/65316/bruichladdich-2010-callejo-cask-2236-1-x-hogshead,2025-04-14 00:00:00,2017-05-08 00:00:00,8100,(RESERVE HAS BEEN MET) THIS LOT CURRENTLY HAS: 29 BIDS,BRUICHLADDICH,2010,ISLAY,STILL IN CASK,CALLEJO,,,OPERATIONAL,7,,,0,Yes,WhiskyAuction
https://whiskyauctioneer.com/lot/0824-05a/cask-bruichladdich-2002-climens-hogshead-460-stored-bruichladdich,2025-04-14 00:00:00,2024-12-02 00:00:00,21500,(RESERVE HAS BEEN MET) THIS LOT CURRENTLY HAS: 15 BIDS,BRUICHLADDICH,2002,ISLAY,STILL IN CASK,CLIMENS HOGSHEAD,53.1% AS OF 06/2024,115.3 RLA AS OF 06/2024,OPERATIONAL,22,53.1,217.1374765,115.3,Yes,WhiskyAuction
https://whiskyauctioneer.com/lot/0824-05/cask-bruichladdich-2002-climens-hogshead-460-stored-bruichladdich,2025-04-14 00:00:00,2024-09-09 00:00:00,17500,(RESERVE NOT MET) THIS LOT CURRENTLY HAS: 6 BIDS,BRUICHLADDICH,2002,ISLAY,STILL IN CASK,CLIMENS HOGSHEAD,53.1% AS OF 06/2024,115.3 RLA AS OF 06/2024,OPERATIONAL,22,53.1,217.1374765,115.3,No,WhiskyAuction
https://whiskyauctioneer.com/lot/116969/1-dufftown-2008-diamond-rum-barrel-93-cask-storage-whisky-broker,2025-04-14 00:00:00,2018-07-02 00:00:00,2600,(RESERVE NOT MET) THIS LOT CURRENTLY HAS: 5 BIDS,DUFFTOWN,2008,SPEYSIDE,STILL IN CASK,DIAMOND RUM BARREL,59.90%,BULK 201 LITRES / 120.86 LITRES OF ALC,OPERATIONAL,10,59.9,201,120.399,No,WhiskyAuction
https://whiskyauctioneer.com/lot/0822-03/1-glen-garioch-2011-bourbon-barrel-2756-cask-storage-north-british-distillery-co,2025-04-14 00:00:00,2022-09-05 00:00:00,6300,(RESERVE HAS BEEN MET) THIS LOT CURRENTLY HAS: 30 BIDS,GLEN GARIOCH,2011,HIGHLAND,STILL IN CASK,EX-BOURBON,63.50%,124.8 OLA,OPERATIONAL,11,63.5,196.5354331,124.8,Yes,WhiskyAuction
https://whiskyauctioneer.com/lot/323212/1-bonnington-2020-unpeated-ex-bourbon-barrel-1055-charity-lot,2025-04-14 00:00:00,2021-01-11 00:00:00,4100,(No reserve/bid info),BONNINGTON,2020,LOWLAND,STILL IN CASK,EX-BOURBON,63.60%,200.277 LITRE,OPERATIONAL,1,63.6,200.277,127.376172,No,WhiskyAuction
https://whiskyauctioneer.com/lot/5018482/1-blair-athol-2014-ex-caroni-barrel-311598-cask-storage-whiskybroker,2025-04-14 00:00:00,2021-08-09 00:00:00,4400,(RESERVE HAS BEEN MET) THIS LOT CURRENTLY HAS: 36 BIDS,BLAIR ATHOL,2014,HIGHLAND,STILL IN CASK,EX-CARONI BARREL,58.8% AS OF 17/11/2020,128.2 BULK LITRE AS OF 17/11/2020,OPERATIONAL,7,58.8,128.2,75.3816,Yes,WhiskyAuction
https://whiskyauctioneer.com/lot/0323-01/1-ardmore-2009-ex-laphroaig-cask-709382-cask-storage-whisky-broker,2025-04-14 00:00:00,2023-04-10 00:00:00,6500,(RESERVE HAS BEEN MET) THIS LOT CURRENTLY HAS: 11 BIDS,ARDMORE,2009,HIGHLAND,STILL IN CASK,EX-LAPHROAIG,61.8% AS OF 23/03/2023,BULK 144.8755 LITRES AS OF 23/03/2023,OPERATIONAL,14,61.8,144.8755,89.533059,Yes,WhiskyAuction
https://whiskyauctioneer.com/lot/148022/1-glasgow-2015-ex-sherry-quarter-cask-157-cask-storage-glasgow-distillery,2025-04-14 00:00:00,2018-12-03 00:00:00,1550,(RESERVE HAS BEEN MET) THIS LOT CURRENTLY HAS: 22 BIDS,GLASGOW,2015,LOWLAND,STILL IN CASK,EX-SHERRY QUARTER CASK,61.43%,43.27 BULK LITRES,OPERATIONAL,3,61.43,43.27,26.580761,Yes,WhiskyAuction
https://whiskyauctioneer.com/lot/0223-03/1-tullibardine-2015-vin-santo-octave-cask-6509132-cask-storage-whisky-broker,2025-04-14 00:00:00,2023-03-06 00:00:00,1600,(RESERVE NOT MET) THIS LOT CURRENTLY HAS: 7 BIDS,TULLIBARDINE,2015,HIGHLAND,STILL IN CASK,EX-VIN SANTO OCTAVE,60.80%,35.8169 RLA,OPERATIONAL,8,60.8,58.909375,35.8169,No,WhiskyAuction
https://whiskyauctioneer.com/lot/0324-03/cask-islay-single-malt-1985-first-fill-bourbon-barrel-8-stored-inveralmond-bond,2025-04-14 00:00:00,2024-04-08 00:00:00,65000,(RESERVE NOT MET) THIS LOT CURRENTLY HAS: 12 BIDS,Unknown,1985,ISLAY,STILL IN CASK,FIRST FILL BOURBON BARREL,46.7% AS OF 02/2023,BULK 184.15 LITRES AS OF 02/2023,,39,46.7,184.15,85.99805,No,WhiskyAuction
https://whiskyauctioneer.com/lot/116970/1-glenburgie-2012-bourbon-barrel-800616-cask-storage-whisky-broker,2025-04-14 00:00:00,2018-07-02 00:00:00,2500,(RESERVE NOT MET) THIS LOT CURRENTLY HAS: 8 BIDS,GLENBURGIE,2012,SPEYSIDE,STILL IN CASK,FIRST FILL BOURBON BARREL,60.10%,BULK 183 LITRES,OPERATIONAL,5,60.1,183,109.983,No,WhiskyAuction
https://whiskyauctioneer.com/lot/182617/1-tullibardine-2007-first-fill-bourbon-barrel-173-cask-storage-tullibardine-distillery,2025-04-14 00:00:00,2019-05-06 00:00:00,4000,(RESERVE HAS BEEN MET) THIS LOT CURRENTLY HAS: 19 BIDS,TULLIBARDINE,2007,HIGHLAND,STILL IN CASK,FIRST FILL BOURBON BARREL,58.50%,152.7 LITRE BULK / 90.5 RLA AS OF JAN 2019,OPERATIONAL,12,58.5,154.7008547,90.5,Yes,WhiskyAuction
https://whiskyauctioneer.com/lot/176855/1-tullibardine-2007-first-fill-bourbon-barrel-173-cask-storage-tullibardine-distillery,2025-04-14 00:00:00,2019-04-08 00:00:00,3600,(RESERVE NOT MET) THIS LOT CURRENTLY HAS: 11 BIDS,TULLIBARDINE,2007,HIGHLAND,STILL IN CASK,FIRST FILL BOURBON BARREL,58.50%,152.7 LITRE BULK / 90.5 RLA AS OF JAN 2019,OPERATIONAL,12,58.5,154.7008547,90.5,No,WhiskyAuction
https://whiskyauctioneer.com/lot/0322-07/1-tullibardine-2012-first-fill-oloroso-barrique-651252-cask-storage-whiskybroker,2025-04-14 00:00:00,2022-04-04 00:00:00,5500,(RESERVE HAS BEEN MET) THIS LOT CURRENTLY HAS: 15 BIDS,TULLIBARDINE,2012,HIGHLAND,STILL IN CASK,FIRST FILL OLOROSO BARRIQUE,58.4% AS OF 11/21,111 RLA AS OF 11/21,OPERATIONAL,10,58.4,190.0684932,111,Yes,WhiskyAuction
https://whiskyauctioneer.com/lot/0922-01/1-strathmill-2009-first-fill-oloroso-quarter-cask-800835-cask-storage-whisky-broker,2025-04-14 00:00:00,2022-10-10 00:00:00,3500,(RESERVE NOT MET) THIS LOT CURRENTLY HAS: 13 BIDS,STRATHMILL,2009,SPEYSIDE,STILL IN CASK,FIRST FILL OLOROSO QUARTER CASK,58.50%,60.6726 RLA,OPERATIONAL,13,58.5,103.7138462,60.6726,No,WhiskyAuction
https://whiskyauctioneer.com/lot/1123-04/1-tomatin-2008-1st-fill-px-quarter-cask-900162-cask-storage-whiskybroker,2025-04-14 00:00:00,2023-12-05 00:00:00,8000,(RESERVE NOT MET) THIS LOT CURRENTLY HAS: 7 BIDS,TOMATIN,2008,HIGHLAND,STILL IN CASK,FIRST FILL PX QUARTER CASK,61.6% AS OF 11/2023,71.8223 RLA AS OF 11/2023,OPERATIONAL,15,61.6,116.5946429,71.8223,No,WhiskyAuction
https://whiskyauctioneer.com/lot/0223-01/1-glen-ord-2012-bourbon-cask-800260-cask-storage-whisky-broker,2025-04-14 00:00:00,2023-03-06 00:00:00,7700,(RESERVE HAS BEEN MET) THIS LOT CURRENTLY HAS: 24 BIDS,GLEN ORD,2012,HIGHLAND,STILL IN CASK,FIRST-FILL EX-BOURBON,61.20%,102.6702 RLA,OPERATIONAL,11,61.2,167.7617647,102.6702,Yes,WhiskyAuction
https://whiskyauctioneer.com/lot/0223-02/1-craigellachie-2007-px-quarter-cask-90050593-cask-storage-dm-winchester-coleburn,2025-04-14 00:00:00,2023-03-06 00:00:00,7107,(RESERVE NOT MET) THIS LOT CURRENTLY HAS: 10 BIDS,CRAIGELLACHIE,2007,SPEYSIDE,STILL IN CASK,FIRST-FILL EX-PX QUARTER CASK,53.50%,98.26 RLA,OPERATIONAL,16,53.5,183.6635514,98.26,No,WhiskyAuction
https://whiskyauctioneer.com/lot/0322-03/1-invergordon-1988-1st-fill-oloroso-hogshead-8990-cask-storage-whiskybroker,2025-04-14 00:00:00,2022-04-04 00:00:00,12500,(RESERVE NOT MET) THIS LOT CURRENTLY HAS: 19 BIDS,INVERGORDON,1988,HIGHLAND,STILL IN CASK,FIRST-FILL OLOROSO HOGSHEAD,47.8% AS OF 02/22,106.4419 RLA AS OF 02/22,OPERATIONAL,34,47.8,222.6817992,106.4419,No,WhiskyAuction
https://whiskyauctioneer.com/lot/299853/1-bruichladdich-2010-fresh-bourbon-barrel-2027-cask-storage-bruichladdich,2025-04-14 00:00:00,2020-11-09 00:00:00,13000,(RESERVE HAS BEEN MET) THIS LOT CURRENTLY HAS: 21 BIDS,BRUICHLADDICH,2010,ISLAY,STILL IN CASK,FRESH BOURBON,61.1% AS OF 3/2020,172 BULK LITRE AS OF 3/2020,OPERATIONAL,10,61.1,172,105.092,Yes,WhiskyAuction
https://whiskyauctioneer.com/lot/302008/1-bruichladdich-2010-fresh-bourbon-barrel-2033-cask-storage-bruichladdich,2025-04-14 00:00:00,2020-11-09 00:00:00,12500,(RESERVE HAS BEEN MET) THIS LOT CURRENTLY HAS: 34 BIDS,BRUICHLADDICH,2010,ISLAY,STILL IN CASK,FRESH BOURBON,60.5% AS OF 10/2020,164 BULK LITRE AS OF 10/2020,OPERATIONAL,10,60.5,164,99.22,Yes,WhiskyAuction
https://whiskyauctioneer.com/lot/294703/1-bruichladdich-2010-fresh-bourbon-barrel-2042-cask-storage-bruichladdich,2025-04-14 00:00:00,2020-10-05 00:00:00,11001,(RESERVE HAS BEEN MET) THIS LOT CURRENTLY HAS: 36 BIDS,BRUICHLADDICH,2010,ISLAY,STILL IN CASK,FRESH BOURBON,62.9% AS OF 08/2020,174 BULK LITRE AS OF 08/2020,OPERATIONAL,10,62.9,174,109.446,Yes,WhiskyAuction
https://whiskyauctioneer.com/lot/229661/1-bruichladdich-2005-fresh-bourbon-barrel-417-cask-storage-bruichladdich,2025-04-14 00:00:00,2019-12-02 00:00:00,12000,(RESERVE HAS BEEN MET) THIS LOT CURRENTLY HAS: 15 BIDS,BRUICHLADDICH,2005,ISLAY,STILL IN CASK,FRESH BOURBON,61.20%,155 BULK LITRE,OPERATIONAL,14,61.2,155,94.86,Yes,WhiskyAuction
https://whiskyauctioneer.com/lot/259497/1-bruichladdich-2003-fresh-bourbon-barrel-252-cask-storage-whiskybroker,2025-04-14 00:00:00,2020-04-06 00:00:00,8000,(RESERVE HAS BEEN MET) THIS LOT CURRENTLY HAS: 16 BIDS,BRUICHLADDICH,2003,ISLAY,STILL IN CASK,FRESH BOURBON,59.3% AS OF 26/2/2020,109.00 BULK LITRE AS OF 26/2/2020,OPERATIONAL,16,59.3,109,64.637,Yes,WhiskyAuction
https://whiskyauctioneer.com/lot/233038/1-bruichladdich-2003-fresh-bourbon-barrel-252-cask-storage-whiskybroker,2025-04-14 00:00:00,2019-12-02 00:00:00,10000,(RESERVE NOT MET) THIS LOT CURRENTLY HAS: 30 BIDS,BRUICHLADDICH,2003,ISLAY,STILL IN CASK,FRESH BOURBON,58.1% AS OF 14/06/2019,121.81 BULK LITRE AS OF 14/06/2019,OPERATIONAL,16,58.1,121.81,70.77161,No,WhiskyAuction
https://whiskyauctioneer.com/lot/205401/1-bruichladdich-2011-fresh-bourbon-barrel-3241-cask-storage-bruichladdich,2025-04-14 00:00:00,2019-09-02 00:00:00,10005,(RESERVE HAS BEEN MET) THIS LOT CURRENTLY HAS: 56 BIDS,BRUICHLADDICH,2011,ISLAY,STILL IN CASK,FRESH BOURBON,63.6% AS OF 22/07/2019,169 BULK LITRE AS OF 22/07/2019,OPERATIONAL,7,63.6,169,107.484,Yes,WhiskyAuction
https://whiskyauctioneer.com/lot/260502/1-bruichladdich-2011-fresh-bourbon-barrel-3240-cask-storage-bruichladdich,2025-04-14 00:00:00,2020-06-01 00:00:00,8200,(RESERVE HAS BEEN MET) THIS LOT CURRENTLY HAS: 22 BIDS,BRUICHLADDICH,2011,ISLAY,STILL IN CASK,FRESH BOURBON,63.7% AS OF 02/03/2020,173 BULK LITRE AS OF 02/03/2020,OPERATIONAL,8,63.7,173,110.201,Yes,WhiskyAuction
https://whiskyauctioneer.com/lot/1021-10/1-bruichladdich-2012-fresh-bourbon-barrel-1894-cask-storage-bruichladdich-distillery,2025-04-14 00:00:00,2021-11-08 00:00:00,18000,(RESERVE HAS BEEN MET) THIS LOT CURRENTLY HAS: 17 BIDS,BRUICHLADDICH,2012,ISLAY,STILL IN CASK,FRESH BOURBON,66.8% AS OF 28.4.21,168 BULK LITRE AS OF 28.4.21,OPERATIONAL,9,66.8,168,112.224,Yes,WhiskyAuction
https://whiskyauctioneer.com/lot/253215/1-bruichladdich-2006-fresh-bourbon-barrel-1246-cask-storage-bruichladdich,2025-04-14 00:00:00,2020-03-11 00:00:00,11000,(RESERVE HAS BEEN MET) THIS LOT CURRENTLY HAS: 10 BIDS,BRUICHLADDICH,2006,ISLAY,STILL IN CASK,FRESH BOURBON BARREL,63.10%,161 BULK LITRE,OPERATIONAL,13,63.1,161,101.591,Yes,WhiskyAuction
https://whiskyauctioneer.com/lot/246411/1-bruichladdich-2006-fresh-bourbon-barrel-1246-cask-storage-bruichladdich,2025-04-14 00:00:00,2020-02-03 00:00:00,10500,(RESERVE NOT MET) THIS LOT CURRENTLY HAS: 24 BIDS,BRUICHLADDICH,2006,ISLAY,STILL IN CASK,FRESH BOURBON BARREL,63.10%,161 BULK LITRE,OPERATIONAL,13,63.1,161,101.591,No,WhiskyAuction
https://whiskyauctioneer.com/lot/241194/1-bruichladdich-2006-fresh-bourbon-barrel-1246-cask-storage-bruichladdich,2025-04-14 00:00:00,2020-01-06 00:00:00,11000,(RESERVE NOT MET) THIS LOT CURRENTLY HAS: 25 BIDS,BRUICHLADDICH,2006,ISLAY,STILL IN CASK,FRESH BOURBON BARREL,63.10%,161 BULK LITRE,OPERATIONAL,13,63.1,161,101.591,No,WhiskyAuction
https://whiskyauctioneer.com/lot/1224-01/cask-port-charlotte-2004-fresh-bourbon-barrel-893-stored-bruichladdich,2025-04-14 00:00:00,2025-01-06 00:00:00,18500,(RESERVE HAS BEEN MET) THIS LOT CURRENTLY HAS: 9 BIDS,BRUICHLADDICH,2004,ISLAY,STILL IN CASK,FRESH BOURBON BARREL,50.4% AS OF 10/24,74.9 RLA AS OF 10/24,OPERATIONAL,21,50.4,148.6111111,74.9,Yes,WhiskyAuction
https://whiskyauctioneer.com/lot/0823-01a/1-bruichladdich-2007-fresh-bourbon-barrel-1240-cask-storage-bruichladdich,2025-04-14 00:00:00,2023-11-06 00:00:00,10400,(RESERVE HAS BEEN MET) THIS LOT CURRENTLY HAS: 8 BIDS,BRUICHLADDICH,2007,ISLAY,STILL IN CASK,FRESH BOURBON BARREL,56.7% AS OF 08/2023,52.2 RLA AS OF 08/2023,OPERATIONAL,16,56.7,92.06349206,52.2,Yes,WhiskyAuction
https://whiskyauctioneer.com/lot/0623-01/1-bruichladdich-2005-fresh-bourbon-barrel-1448-cask-storage-bruichladdich,2025-04-14 00:00:00,2023-07-10 00:00:00,20000,(RESERVE HAS BEEN MET) THIS LOT CURRENTLY HAS: 17 BIDS,BRUICHLADDICH,2005,ISLAY,STILL IN CASK,FRESH BOURBON BARREL,60.8% AS OF 02/2023,77.2 RLA AS OF 02/2023,OPERATIONAL,18,60.8,126.9736842,77.2,Yes,WhiskyAuction
https://whiskyauctioneer.com/lot/0324-01b/cask-bruichladdich-2005-fresh-bourbon-barrel-396-stored-bruichladdich,2025-04-14 00:00:00,2024-10-07 00:00:00,14500,(RESERVE NOT MET) THIS LOT CURRENTLY HAS: 10 BIDS,BRUICHLADDICH,2005,ISLAY,STILL IN CASK,FRESH BOURBON BARREL,60.6% AS OF 08/2024,83.9 RLA AS OF 08/2024,OPERATIONAL,19,60.6,138.4488449,83.9,No,WhiskyAuction
https://whiskyauctioneer.com/lot/0324-01a/cask-bruichladdich-2005-fresh-bourbon-barrel-396-stored-bruichladdich,2025-04-14 00:00:00,2024-05-06 00:00:00,13000,(RESERVE NOT MET) THIS LOT CURRENTLY HAS: 9 BIDS,BRUICHLADDICH,2005,ISLAY,STILL IN CASK,FRESH BOURBON BARREL,60.9% AS OF 02/2024,87.4 RLA AS OF 02/2024,OPERATIONAL,19,60.9,143.5139573,87.4,No,WhiskyAuction
https://whiskyauctioneer.com/lot/0324-01/cask-bruichladdich-2005-fresh-bourbon-barrel-396-stored-bruichladdich,2025-04-14 00:00:00,2024-04-08 00:00:00,15000,(RESERVE NOT MET) THIS LOT CURRENTLY HAS: 14 BIDS,BRUICHLADDICH,2005,ISLAY,STILL IN CASK,FRESH BOURBON BARREL,60.9% AS OF 02/2024,87.4 RLA AS OF 02/2024,OPERATIONAL,19,60.9,143.5139573,87.4,No,WhiskyAuction
https://whiskyauctioneer.com/lot/0823-01/1-bruichladdich-2007-fresh-bourbon-barrel-1240-cask-storage-bruichladdich,2025-04-14 00:00:00,2023-09-04 00:00:00,9400,(RESERVE NOT MET) THIS LOT CURRENTLY HAS: 33 BIDS,BRUICHLADDICH,2007,ISLAY,STILL IN CASK,FRESH BOURBON BARREL,56.7% AS OF 08/2023,52.2 RLA AS OF 08/2023,OPERATIONAL,16,56.7,92.06349206,52.2,No,WhiskyAuction
https://whiskyauctioneer.com/lot/1223-04/1-port-charlotte-2008-fresh-bourbon-barrel-cask-3246-cask-storage-bruichladdich,2025-04-14 00:00:00,2024-01-08 00:00:00,19500,(RESERVE HAS BEEN MET) THIS LOT CURRENTLY HAS: 15 BIDS,BRUICHLADDICH,2008,ISLAY,STILL IN CASK,FRESH EX-BOURBON BARREL,59.9% AS OF 11/23,96 RLA AS OF 11/23,OPERATIONAL,16,59.9,160.2671119,96,Yes,WhiskyAuction
https://whiskyauctioneer.com/lot/1222-01/1-port-charlotte-2008-fresh-bourbon-hogshead-cask-3245-cask-storage-whisky-broker,2025-04-14 00:00:00,2023-01-09 00:00:00,25500,(RESERVE HAS BEEN MET) THIS LOT CURRENTLY HAS: 18 BIDS,BRUICHLADDICH,2008,ISLAY,STILL IN CASK,FRESH EX-BOURBON HOGSHEAD,60.80%,80.3205 RLA,OPERATIONAL,15,60.8,132.1060855,80.3205,Yes,WhiskyAuction
https://whiskyauctioneer.com/lot/0422-01/1-hazelburn-1997-fresh-rum-02232-7-cask-storage-springbank,2025-04-14 00:00:00,2022-05-02 00:00:00,43000,(RESERVE HAS BEEN MET) THIS LOT CURRENTLY HAS: 25 BIDS,SPRINGBANK,1997,CAMPBELTOWN,STILL IN CASK,FRESH RUM,51.8% AS OF 2/22,42.6 RLA AS OF 2/22,OPERATIONAL,25,51.8,82.23938224,42.6,Yes,WhiskyAuction
https://whiskyauctioneer.com/lot/0122-09/1-springbank-1997-fresh-rum-242-cask-storage-springbank,2025-04-14 00:00:00,2022-02-07 00:00:00,35500,(RESERVE HAS BEEN MET) THIS LOT CURRENTLY HAS: 22 BIDS,SPRINGBANK,1997,CAMPBELTOWN,STILL IN CASK,FRESH RUM,49.6% AS OF 11/21,38.3 RLA AS OF 11/21,OPERATIONAL,25,49.6,77.21774194,38.3,Yes,WhiskyAuction
https://whiskyauctioneer.com/lot/1123-01/1-aberlour-1991-hogshead-9662-cask-storage-inveralmond-bond,2025-04-14 00:00:00,2023-12-05 00:00:00,14500,(RESERVE NOT MET) THIS LOT CURRENTLY HAS: 6 BIDS,ABERLOUR,1991,SPEYSIDE,STILL IN CASK,HOGSHEAD,41.3% AS OF 07/2023,40 RLA AS OF 07/2023,OPERATIONAL,32,41.3,96.85230024,40,No,WhiskyAuction
https://whiskyauctioneer.com/lot/0824-01/cask-ardmore-1998-hogshead-750723-stored-whisky-broker,2025-04-14 00:00:00,2024-09-09 00:00:00,15000,(RESERVE NOT MET) THIS LOT CURRENTLY HAS: 5 BIDS,ARDMORE,1998,HIGHLAND,STILL IN CASK,HOGSHEAD,50.9% AS OF 19/03/2024,BULK 146.85 LITRES AS OF 19/03/2024,OPERATIONAL,26,50.9,146.85,74.74665,No,WhiskyAuction
https://whiskyauctioneer.com/lot/0524-07/cask-ardmore-1998-hogshead-750704-stored-whisky-broker,2025-04-14 00:00:00,2024-06-10 00:00:00,12500,(RESERVE NOT MET) THIS LOT CURRENTLY HAS: 1 BIDS,ARDMORE,1998,HIGHLAND,STILL IN CASK,HOGSHEAD,52.20% AS OF 19/03/2024,BULK 118.83 LITRES AS OF 19/03/2024,OPERATIONAL,26,52.2,118.83,62.02926,No,WhiskyAuction
https://whiskyauctioneer.com/lot/0324-02/cask-ardmore-1998-hogshead-750706-stored-whiskybroker,2025-04-14 00:00:00,2024-04-08 00:00:00,20000,(RESERVE NOT MET) THIS LOT CURRENTLY HAS: 6 BIDS,ARDMORE,1998,HIGHLAND,STILL IN CASK,HOGSHEAD,52.3% AS OF 03/2024,BULK 148.3197 LITRES AS OF 03/2024,OPERATIONAL,26,52.3,148.3197,77.5712031,No,WhiskyAuction
https://whiskyauctioneer.com/lot/203603/1-ben-nevis-1996-hogshead-878-cask-storage-ben-nevis-distillery-sample-tbc,2025-04-14 00:00:00,2019-09-02 00:00:00,10000,(RESERVE NOT MET) THIS LOT CURRENTLY HAS: 5 BIDS,BEN NEVIS,1996,HIGHLAND,STILL IN CASK,HOGSHEAD,49.5% AS OF JUNE 2019,169.29 LITRE BULK AS OF JUNE 2019,OPERATIONAL,23,49.5,169.29,83.79855,No,WhiskyAuction
https://whiskyauctioneer.com/lot/1021-01/1-benriach-2013-hogshead-199-cask-storage-ben-nevis-distillery,2025-04-14 00:00:00,2021-11-08 00:00:00,4500,(RESERVE HAS BEEN MET) THIS LOT CURRENTLY HAS: 18 BIDS,BENRIACH,2013,SPEYSIDE,STILL IN CASK,HOGSHEAD,63.4% AS OF 9.12.2013,157.4 OLA AS OF 9.12.2013,OPERATIONAL,8,63.4,248.2649842,157.4,Yes,WhiskyAuction
https://whiskyauctioneer.com/lot/0921-01/1-benriach-2013-hogshead-198-cask-storage-ben-nevis-distillery,2025-04-14 00:00:00,2021-10-04 00:00:00,4900,(RESERVE HAS BEEN MET) THIS LOT CURRENTLY HAS: 29 BIDS,BENRIACH,2013,SPEYSIDE,STILL IN CASK,HOGSHEAD,63.4% AS OF 9.12.2013,149.1 BULK LITRES AS OF 9.12.2012,OPERATIONAL,8,63.4,149.1,94.5294,Yes,WhiskyAuction
https://whiskyauctioneer.com/lot/0821-01/1-benriach-2013-hogshead-197-cask-storage-ben-nevis-distillery,2025-04-14 00:00:00,2021-09-06 00:00:00,4000,(RESERVE HAS BEEN MET) THIS LOT CURRENTLY HAS: 18 BIDS,BENRIACH,2013,SPEYSIDE,STILL IN CASK,HOGSHEAD,63.4% AS OF 9.12.2013,162.5 BULK LITRE AS OF 9.12.2013,OPERATIONAL,8,63.4,162.5,103.025,Yes,WhiskyAuction
https://whiskyauctioneer.com/lot/0623-02/1-benrinnes-2014-single-hogshead-319475-cask-storage-nosbc,2025-04-14 00:00:00,2023-07-10 00:00:00,9000,(RESERVE NOT MET) THIS LOT CURRENTLY HAS: 28 BIDS,BENRINNES,2014,SPEYSIDE,STILL IN CASK,HOGSHEAD,57.6% AS OF 15/06/23,RLA 107.1 AS OF 15/06/23,OPERATIONAL,9,57.6,185.9375,107.1,No,WhiskyAuction
https://whiskyauctioneer.com/lot/1021-05/1-bunnahabhain-2008-hogshead-146-cask-storage-broxburn-bottlers,2025-04-14 00:00:00,2021-11-08 00:00:00,13500,(RESERVE HAS BEEN MET) THIS LOT CURRENTLY HAS: 18 BIDS,BUNNAHABHAIN,2008,ISLAY,STILL IN CASK,HOGSHEAD,53.2% AS OF 27.10.2020.,203.1 BULK LITRE AS OF 27.10.2020.,OPERATIONAL,13,53.2,203.1,108.0492,Yes,WhiskyAuction
https://whiskyauctioneer.com/lot/0524-11/cask-fettercairn-1997-single-hogshead-1382-stored-north-star-spirits,2025-04-14 00:00:00,2024-06-10 00:00:00,16000,(RESERVE NOT MET) THIS LOT CURRENTLY HAS: 6 BIDS,FETTERCAIRN,1997,HIGHLAND,STILL IN CASK,HOGSHEAD,55.40% AS OF 29/05/2024,BULK 118.375 LITRES AS OF 29/05/2024,OPERATIONAL,27,55.4,118.375,65.57975,No,WhiskyAuction
https://whiskyauctioneer.com/lot/0323-03/1-glen-elgin-2015-hogshead-800021-cask-storage-whisky-broker,2025-04-14 00:00:00,2023-04-10 00:00:00,3100,(RESERVE NOT MET) THIS LOT CURRENTLY HAS: 3 BIDS,GLEN ELGIN,2015,SPEYSIDE,STILL IN CASK,HOGSHEAD,60.2% AS OF 23/03/2023,BULK 221.0467 LITRES AS OF 23/03/2023,OPERATIONAL,8,60.2,221.0467,133.0701134,No,WhiskyAuction
https://whiskyauctioneer.com/lot/1021-08/1-glen-garioch-2008-hogshead-3174-cask-storage-broxburn-bottlers,2025-04-14 00:00:00,2021-11-08 00:00:00,5600,(RESERVE HAS BEEN MET) THIS LOT CURRENTLY HAS: 24 BIDS,GLEN GARIOCH,2008,HIGHLAND,STILL IN CASK,HOGSHEAD,53.9% AS OF 27.10.2020.,210.7 BULK LITRE AS OF 27.10.2020.,OPERATIONAL,13,53.9,210.7,113.5673,Yes,WhiskyAuction
https://whiskyauctioneer.com/lot/1021-09/1-glen-moray-2007-hogshead-800481-cask-storage-broxburn-bottlers,2025-04-14 00:00:00,2021-11-08 00:00:00,6200,(RESERVE NOT MET) THIS LOT CURRENTLY HAS: 23 BIDS,GLEN MORAY,2007,SPEYSIDE,STILL IN CASK,HOGSHEAD,57.7% AS OF 28.7.21,173.6 BULK LITRE AS OF 28.7.21,OPERATIONAL,14,57.7,173.6,100.1672,No,WhiskyAuction
https://whiskyauctioneer.com/lot/1021-07/1-glenrothes-2010-hogshead-4133-cask-storage-broxburn-bottlers,2025-04-14 00:00:00,2021-11-08 00:00:00,5070,(RESERVE HAS BEEN MET) THIS LOT CURRENTLY HAS: 15 BIDS,GLENROTHES,2010,SPEYSIDE,STILL IN CASK,HOGSHEAD,64.3% AS OF 27.10.2020.,138.2 BULK LITRE AS OF 27.10.2020.,OPERATIONAL,11,64.3,138.2,88.8626,Yes,WhiskyAuction
https://whiskyauctioneer.com/lot/0322-04a/1-glentauchers-2007-hogshead-900856-cask-storage-craigton,2025-04-14 00:00:00,2022-05-02 00:00:00,6800,(RESERVE HAS BEEN MET) THIS LOT CURRENTLY HAS: 19 BIDS,GLENTAUCHERS,2007,SPEYSIDE,STILL IN CASK,HOGSHEAD,61.3% AS OF 25.02.2022,137.8 BULK LITRE AS OF 25.02.2022,OPERATIONAL,15,61.3,137.8,84.4714,Yes,WhiskyAuction
https://whiskyauctioneer.com/lot/1021-06/1-glentauchers-2009-hogshead-138-cask-storage-broxburn-bottlers,2025-04-14 00:00:00,2021-11-08 00:00:00,6100,(RESERVE HAS BEEN MET) THIS LOT CURRENTLY HAS: 23 BIDS,GLENTAUCHERS,2009,SPEYSIDE,STILL IN CASK,HOGSHEAD,60.8% AS OF 27.10.2020.,199.6 BULK LITRE AS OF 27.10.2020.,OPERATIONAL,12,60.8,199.6,121.3568,Yes,WhiskyAuction
https://whiskyauctioneer.com/lot/0322-04/1-glentauchers-2007-hogshead-900856-cask-storage-craigton,2025-04-14 00:00:00,2022-04-04 00:00:00,5800,(RESERVE NOT MET) THIS LOT CURRENTLY HAS: 21 BIDS,GLENTAUCHERS,2007,SPEYSIDE,STILL IN CASK,HOGSHEAD,61.3% AS OF 25.02.2022,137.8 BULK LITRE AS OF 25.02.2022,OPERATIONAL,15,61.3,137.8,84.4714,No,WhiskyAuction
https://whiskyauctioneer.com/lot/0524-05/cask-orkney-single-malt-2008-hogshead-34-stored-edrington,2025-04-14 00:00:00,2024-06-10 00:00:00,5900,(RESERVE NOT MET) THIS LOT CURRENTLY HAS: 15 BIDS,Highland Park,2008,ISLAND,STILL IN CASK,HOGSHEAD,63.80%,BULK 225.23 LITRES,OPERATIONAL,16,63.8,225.23,143.69674,No,WhiskyAuction
https://whiskyauctioneer.com/lot/0524-04/cask-jura-2009-hogshead-103353-stored-invergordon,2025-04-14 00:00:00,2024-06-10 00:00:00,6000,(RESERVE NOT MET) THIS LOT CURRENTLY HAS: 1 BIDS,JURA,2009,ISLAND,STILL IN CASK,HOGSHEAD,57.92% AS OF MAY 2024,BULK 146.9 LITRES AS OF MAY 2024,OPERATIONAL,15,57.92,146.9,85.08448,No,WhiskyAuction
https://whiskyauctioneer.com/lot/0524-03/cask-jura-2009-hogshead-103352-stored-invergordon,2025-04-14 00:00:00,2024-06-10 00:00:00,6100,(RESERVE NOT MET) THIS LOT CURRENTLY HAS: 2 BIDS,JURA,2009,ISLAND,STILL IN CASK,HOGSHEAD,57.52% AS OF MAY 2024,BULK 131.6 LITRE AS OF MAY 2024,OPERATIONAL,15,57.52,131.6,75.69632,No,WhiskyAuction
https://whiskyauctioneer.com/lot/1223-02/1-jura-1988-hogshead-1357-cask-storage-whiskybroker,2025-04-14 00:00:00,2024-01-08 00:00:00,25000,(RESERVE NOT MET) THIS LOT CURRENTLY HAS: 7 BIDS,JURA,1988,ISLAND,STILL IN CASK,HOGSHEAD,47.9% AS OF 23/05/2023,71.3730 RLA AS OF 23/05/2023,OPERATIONAL,36,47.9,149.0041754,71.373,No,WhiskyAuction
https://whiskyauctioneer.com/lot/0822-08/1-jura-1992-hogshead-5486-cask-storage-whiskybroker,2025-04-14 00:00:00,2022-09-05 00:00:00,20300,(No reserve/bid info),JURA,1992,ISLAND,STILL IN CASK,HOGSHEAD,42.6% AS OF 18/08/2022,43.5885 RLA AS OF 18/08/2022,OPERATIONAL,30,42.6,102.3204225,43.5885,No,WhiskyAuction
https://whiskyauctioneer.com/lot/0624-01/cask-arran-1996-hogshead-96894-stored-lagg-distillery,2025-04-14 00:00:00,2024-07-08 00:00:00,21000,(RESERVE HAS BEEN MET) THIS LOT CURRENTLY HAS: 17 BIDS,LOCHRANZA,1996,ISLAND,STILL IN CASK,HOGSHEAD,49.1% AS OF APRIL 2024,BULK 166.1 LITRES AS OF APRIL 2024,OPERATIONAL,28,49.1,166.1,81.5551,Yes,WhiskyAuction
https://whiskyauctioneer.com/lot/0524-02/cask-longmorn-2013-hogshead-2804-stored-inveralmond-bond,2025-04-14 00:00:00,2024-06-10 00:00:00,6500,(RESERVE NOT MET) THIS LOT CURRENTLY HAS: 15 BIDS,LONGMORN,2013,SPEYSIDE,STILL IN CASK,HOGSHEAD,61.80% AS OF 08/05/2024,BULK 164.2 LITRES AS OF 08/05/2024,OPERATIONAL,11,61.8,164.2,101.4756,No,WhiskyAuction
https://whiskyauctioneer.com/lot/0524-01/cask-longmorn-2013-hogshead-2805-stored-inveralmond-bond,2025-04-14 00:00:00,2024-06-10 00:00:00,6700,(RESERVE NOT MET) THIS LOT CURRENTLY HAS: 15 BIDS,LONGMORN,2013,SPEYSIDE,STILL IN CASK,HOGSHEAD,62.70% AS OF 08/05/2024,BULK 170.0 LITRES AS OF 08/05/2024,OPERATIONAL,11,62.7,170,106.59,No,WhiskyAuction
https://whiskyauctioneer.com/lot/252546/1-port-dundas-2009-hogshead-756119-cask-storage-whiskybroker,2025-04-14 00:00:00,2020-03-11 00:00:00,4450,(RESERVE HAS BEEN MET) THIS LOT CURRENTLY HAS: 25 BIDS,PORT DUNDAS,2009,LOWLAND,STILL IN CASK,HOGSHEAD,65.50%,211.5 BULK LITRE,CLOSED,10,65.5,211.5,138.5325,Yes,WhiskyAuction
https://whiskyauctioneer.com/lot/0921-10/1-royal-brackla-2007-hogshead-305004-cask-storage-whiskybroker,2025-04-14 00:00:00,2021-10-04 00:00:00,8700,(RESERVE HAS BEEN MET) THIS LOT CURRENTLY HAS: 27 BIDS,ROYAL BRACKLA,2007,HIGHLAND,STILL IN CASK,HOGSHEAD,60.4% AS OF 2021,114.0 RLA AS OF 2021,OPERATIONAL,14,60.4,188.7417219,114,Yes,WhiskyAuction
https://whiskyauctioneer.com/lot/302013/1-royal-brackla-2007-hogshead-305002-cask-storage-whiskybroker,2025-04-14 00:00:00,2020-11-09 00:00:00,4900,(RESERVE NOT MET) THIS LOT CURRENTLY HAS: 17 BIDS,ROYAL BRACKLA,2007,HIGHLANDQ,STILL IN CASK,HOGSHEAD,61.2% AS OF 19/10/2020,182.25 BULK LITRE AS OF 19/10/2020,OPERATIONAL,13,61.2,182.25,111.537,No,WhiskyAuction
https://whiskyauctioneer.com/lot/1221-01/1-springbank-1995-hogshead-501-cask-storage-whiskybroker,2025-04-14 00:00:00,2022-01-10 00:00:00,68000,(RESERVE HAS BEEN MET) THIS LOT CURRENTLY HAS: 57 BIDS,SPRINGBANK,1995,CAMPBELTOWN,STILL IN CASK,HOGSHEAD,47.9% AS OF 05/21,47.04 RLA AS OF 05/21,OPERATIONAL,26,47.9,98.2045929,47.04,Yes,WhiskyAuction
https://whiskyauctioneer.com/lot/323417/1-tobermory-1995-hogshead-1975-cask-storage-deanston-distillery,2025-04-14 00:00:00,2021-01-11 00:00:00,17500,(RESERVE NOT MET) THIS LOT CURRENTLY HAS: 20 BIDS,TOBERMORY,1995,ISLAND,STILL IN CASK,HOGSHEAD,53.1% AS OF 9/2020,170 BULK LITRES AS OF 9/2020,OPERATIONAL,25,53.1,170,90.27,No,WhiskyAuction
https://whiskyauctioneer.com/lot/299840/ledaig-2009-hogshead-700502-cask-storage-whiskybroker,2025-04-14 00:00:00,2020-11-09 00:00:00,13500,(RESERVE HAS BEEN MET) THIS LOT CURRENTLY HAS: 25 BIDS,TOBERMORY,2009,ISLAND,STILL IN CASK,HOGSHEAD,59.9% AS OF 8/10/2020,200.74 BULK LITRE AS OF 8/10/2020,OPERATIONAL,11,59.9,200.74,120.24326,Yes,WhiskyAuction
https://whiskyauctioneer.com/lot/338550/1-tomatin-1983-hogshead-7756-cask-storage-whiskybroker,2025-04-14 00:00:00,2021-04-05 00:00:00,52000,(RESERVE HAS BEEN MET) THIS LOT CURRENTLY HAS: 19 BIDS,TOMATIN,1983,HIGHLAND,STILL IN CASK,HOGSHEAD,54.3% AS OF 13/1/2021,115.5816 BULK LITRE AS OF 13/1/2021,OPERATIONAL,38,54.3,115.5816,62.7608088,Yes,WhiskyAuction
https://whiskyauctioneer.com/lot/0323-05/1-williamson-2014-hogshead-294-cask-storage-whisky-broker,2025-04-14 00:00:00,2023-04-10 00:00:00,17000,(RESERVE NOT MET) THIS LOT CURRENTLY HAS: 11 BIDS,Unknown,2014,ISLAY,STILL IN CASK,HOGSHEAD,66.7% AS OF 27/03/2023,BULK 196.4038 LITRES AS OF 27/03/2023,OPERATIONAL,9,66.7,196.4038,131.0013346,No,WhiskyAuction
https://whiskyauctioneer.com/lot/5018485/1-orkney-single-malt-2005-hogshead-dru18a171-cask-storage-whiskybroker,2025-04-14 00:00:00,2021-08-09 00:00:00,8000,(RESERVE NOT MET) THIS LOT CURRENTLY HAS: 14 BIDS,Unknown,2005,ISLAND,STILL IN CASK,HOGSHEAD,60.06% AS OF 5/2020,28.9 BULK LITRE AS OF 5/2020,OPERATIONAL,16,60.06,28.9,17.35734,No,WhiskyAuction
https://whiskyauctioneer.com/lot/138618/1-sherried-blended-scotch-whisky-2012-hogshead-13-edrington,2025-04-14 00:00:00,2018-11-05 00:00:00,1800,(RESERVE HAS BEEN MET) THIS LOT CURRENTLY HAS: 5 BIDS,Edrington,2021,SCOTLAND,STILL IN CASK,HOGSHEAD,65.80%,237.6 BULK LITRES / 156.38 RLA,OPERATIONAL,-3,65.8,237.6595745,156.38,Yes,WhiskyAuction
https://whiskyauctioneer.com/lot/121254/1-glen-moray-1981-hogshead-454-cask-storage-glen-moray,2025-04-14 00:00:00,2018-07-02 00:00:00,23000,(RESERVE NOT MET) THIS LOT CURRENTLY HAS: 11 BIDS,GLEN MORAY,2004,SPEYSIDE,STILL IN CASK,HOGSHEAD,49.26%,NEW BULK 118 LITRES,OPERATIONAL,37,49.26,118,58.1268,No,WhiskyAuction
https://whiskyauctioneer.com/lot/116907/1-glen-moray-1981-hogshead-454-cask-storage-glen-moray,2025-04-14 00:00:00,2018-06-04 00:00:00,25500,(RESERVE NOT MET) THIS LOT CURRENTLY HAS: 12 BIDS,GLEN MORAY,2004,SPEYSIDE,STILL IN CASK,HOGSHEAD,49.26%,NEW BULK 118 LITRES,OPERATIONAL,37,49.26,118,58.1268,No,WhiskyAuction
https://whiskyauctioneer.com/lot/151628/1-speyside-1996-hogshead-49-cask-storage-inver-house,2025-04-14 00:00:00,2019-01-07 00:00:00,6000,(RESERVE HAS BEEN MET) THIS LOT CURRENTLY HAS: 8 BIDS,SPEYSIDE,1996,HIGHLAND,STILL IN CASK,HOGSHEAD,53.00%,148 LITRE AS OF NOVEMBER 2018,OPERATIONAL,22,53,148,78.44,Yes,WhiskyAuction
https://whiskyauctioneer.com/lot/1124-02a/cask-adnams-2011-jack-daniels-barrel-x15-stored-cadus-vaults,2025-04-14 00:00:00,2025-01-06 00:00:00,1000,(RESERVE NOT MET) THIS LOT CURRENTLY HAS: 5 BIDS,COPPER HOUSE,2011,ENGLAND,STILL IN CASK,JACK DANIEL'S BARREL,64.8% AS OF OCTOBER 2024,BULK 115.4 LITRES AS OF OCTOBER 2024,OPERATIONAL,14,64.8,115.4,74.7792,No,WhiskyAuction
https://whiskyauctioneer.com/lot/1124-02/cask-copper-house-2011-jack-daniels-barrel-x15-stored-cadus-vaults,2025-04-14 00:00:00,2024-12-02 00:00:00,1000,(RESERVE NOT MET) THIS LOT CURRENTLY HAS: 4 BIDS,COPPER HOUSE,2011,ENGLAND,STILL IN CASK,JACK DANIEL'S BARREL,64.8% AS OF OCTOBER 2024,BULK 115.4 LITRES AS OF OCTOBER 2024,OPERATIONAL,13,64.8,115.4,74.7792,No,WhiskyAuction
https://whiskyauctioneer.com/lot/0322-08/1-tullibardine-2012-first-fill-px-quarter-cask-651248-cask-storage-whiskybroker,2025-04-14 00:00:00,2022-04-04 00:00:00,3000,(RESERVE NOT MET) THIS LOT CURRENTLY HAS: 4 BIDS,TULLIBARDINE,2012,HIGHLAND,STILL IN CASK,MADEIRA QUARTER CASK,56.8% AS OF 11/21,66 RLA AS OF 11/21,OPERATIONAL,10,56.8,116.1971831,66,No,WhiskyAuction
https://whiskyauctioneer.com/lot/0222-05/1-tullibardine-2012-madeira-quarter-cask-651256-cask-storage-whiskybroker,2025-04-14 00:00:00,2022-03-07 00:00:00,2700,(RESERVE NOT MET) THIS LOT CURRENTLY HAS: 7 BIDS,TULLIBARDINE,2012,HIGHLAND,STILL IN CASK,MADEIRA QUARTER CASK,56.8% AS OF 11/21,64 RLA AS OF 11/21,OPERATIONAL,10,56.8,112.6760563,64,No,WhiskyAuction
https://whiskyauctioneer.com/lot/1123-03/1-allt-bhainne-2009-hogshead-cask-29814-cask-storage-whisky-broker,2025-04-14 00:00:00,2023-12-05 00:00:00,13000,(RESERVE NOT MET) THIS LOT CURRENTLY HAS: 11 BIDS,ALLT-A-BHAINNE,2009,HOGSHEAD,STILL IN CASK,OCTAVE,63% AS OF 11/2023,131.3232 RLA AS OF 11/2023,OPERATIONAL,14,63,208.4495238,131.3232,No,WhiskyAuction
https://whiskyauctioneer.com/lot/1123-02/1-tullibardine-2015-octave-cask-650935a-cask-storage-whisky-broker,2025-04-14 00:00:00,2023-12-05 00:00:00,1300,(RESERVE NOT MET) THIS LOT CURRENTLY HAS: 3 BIDS,TULLIBARDINE,2015,HIGHLAND,STILL IN CASK,OCTAVE,58.6% AS OF 11/2023,28.0072 RLA AS OF 11/2023,OPERATIONAL,8,58.6,47.79385666,28.0072,No,WhiskyAuction
https://whiskyauctioneer.com/lot/1123-05/1-tullibardine-2013-1st-fill-vino-santo-quarter-cask-6557301-cask-storage-whisky-broker,2025-04-14 00:00:00,2023-12-05 00:00:00,3400,(RESERVE NOT MET) THIS LOT CURRENTLY HAS: 4 BIDS,TULLIBARDINE,2015,HIGHLAND,STILL IN CASK,OCTAVE,58.8% AS OF 09/2023,47.0286 RLA AS OF 09/2023,OPERATIONAL,8,58.8,79.98061224,47.0286,No,WhiskyAuction
https://whiskyauctioneer.com/lot/321459/1-aultmore-2011-oloroso-octave-800613b-cask-storage-whiskybroker,2025-04-14 00:00:00,2021-01-11 00:00:00,2975,(RESERVE HAS BEEN MET) THIS LOT CURRENTLY HAS: 28 BIDS,AULTMORE,2011,SPEYSIDE,STILL IN CASK,OLOROSO OCTAVE,60.2% AS OF 3/12/2020,53.9006 BULK LITRE AS OF 3/12/2020,OPERATIONAL,10,60.2,53.9006,32.4481612,Yes,WhiskyAuction
https://whiskyauctioneer.com/lot/0622-03/1-craigellachie-2007-oloroso-quarter-cask-90050596-cask-storage-coleburn,2025-04-14 00:00:00,2022-07-04 00:00:00,4400,(RESERVE NOT MET) THIS LOT CURRENTLY HAS: 17 BIDS,CRAIGELLACHIE,2007,SPEYSIDE,STILL IN CASK,OLOROSO QUARTER CASK,54.05% AS OF 17/03/2022,102.8 BULK LITRES AS OF 17/03/2022,OPERATIONAL,15,54.05,102.8,55.5634,No,WhiskyAuction
https://whiskyauctioneer.com/lot/0122-05/1-inchgower-2010-oloroso-quarter-cask-801394a2010-cask-storage-whiskybroker,2025-04-14 00:00:00,2022-02-07 00:00:00,4500,(RESERVE HAS BEEN MET) THIS LOT CURRENTLY HAS: 9 BIDS,INCHGOWER,2010,SPEYSIDE,STILL IN CASK,OLOROSO QUARTER CASK,60.3% AS OF 24/11/2021,119.1080 BULK LITRE AS OF 14/1/2021,OPERATIONAL,12,60.3,119.108,71.822124,Yes,WhiskyAuction
https://whiskyauctioneer.com/lot/309998/1-glenrothes-2015-oloroso-sherry-hogshead-5752-cask-storage-whiskybroker,2025-04-14 00:00:00,2020-12-07 00:00:00,4400,(RESERVE HAS BEEN MET) THIS LOT CURRENTLY HAS: 20 BIDS,GLENROTHES,2015,SPEYSIDE,STILL IN CASK,OLOROSO SHERRY HOGSHEAD,66.0% AS OF 13/10/2020,209.777 BULK LITRE AS OF 13/10/2020,OPERATIONAL,5,66,209.777,138.45282,Yes,WhiskyAuction
https://whiskyauctioneer.com/lot/0522-02/1-craigellachie-2012-px-barrique-900311-cask-storage-coleburn,2025-04-14 00:00:00,2022-06-06 00:00:00,12000,(RESERVE HAS BEEN MET) THIS LOT CURRENTLY HAS: 26 BIDS,CRAIGELLACHIE,2012,SPEYSIDE,STILL IN CASK,PX BARRIQUE,59.55% AS OF 17/03/2022,190 BULK LITRES AS OF 17/03/2022,OPERATIONAL,10,59.55,190,113.145,Yes,WhiskyAuction
https://whiskyauctioneer.com/lot/0622-02/1-craigellachie-2007-px-quarter-cask-90050593-cask-storage-coleburn,2025-04-14 00:00:00,2022-07-04 00:00:00,8000,(RESERVE NOT MET) THIS LOT CURRENTLY HAS: 11 BIDS,CRAIGELLACHIE,2007,SPEYSIDE,STILL IN CASK,PX QUARTER CASK,54.31% AS OF 17/03/2022,102.2 BULK LITRES AS OF 17/03/2022,OPERATIONAL,15,54.31,102.2,55.50482,No,WhiskyAuction
https://whiskyauctioneer.com/lot/0122-04/1-glen-spey-2009-1st-fill-px-quarter-cask-8061822009-cask-storage-whiskybroker,2025-04-14 00:00:00,2022-02-07 00:00:00,4500,(RESERVE HAS BEEN MET) THIS LOT CURRENTLY HAS: 13 BIDS,GLEN SPEY,2009,SPEYSIDE,STILL IN CASK,PX QUARTER CASK,60.4% AS OF 11/21,62.3 RLA AS OF 11/21,OPERATIONAL,13,60.4,103.1456954,62.3,Yes,WhiskyAuction
https://whiskyauctioneer.com/lot/0222-06a/1-glen-spey-2009-oloroso-quarter-cask-806182a-cask-storage-whiskybroker,2025-04-14 00:00:00,2022-04-04 00:00:00,3000,(RESERVE NOT MET) THIS LOT CURRENTLY HAS: 13 BIDS,GLEN SPEY,2009,SPEYSIDE,STILL IN CASK,PX QUARTER CASK,60.4% AS OF 11/21,62 RLA AS OF 11/21,OPERATIONAL,13,60.4,102.6490066,62,No,WhiskyAuction
https://whiskyauctioneer.com/lot/0222-06/1-glen-spey-2009-oloroso-quarter-cask-806182a-cask-storage-whiskybroker,2025-04-14 00:00:00,2022-03-07 00:00:00,5000,(RESERVE NOT MET) THIS LOT CURRENTLY HAS: 7 BIDS,GLEN SPEY,2009,SPEYSIDE,STILL IN CASK,PX QUARTER CASK,60.4% AS OF 11/21,62 RLA AS OF 11/21,OPERATIONAL,13,60.4,102.6490066,62,No,WhiskyAuction
https://whiskyauctioneer.com/lot/1121-02/1-glen-spey-2010-1st-fill-px-quarter-cask-803233-cask-storage-whiskybroker,2025-04-14 00:00:00,2021-12-06 00:00:00,3700,(RESERVE NOT MET) THIS LOT CURRENTLY HAS: 11 BIDS,GLEN SPEY,2010,SPEYSIDE,STILL IN CASK,PX QUARTER CASK,56.70%,70.7 RLA,OPERATIONAL,11,56.7,124.691358,70.7,No,WhiskyAuction
https://whiskyauctioneer.com/lot/0422-03/1-tormore-2013-px-quarter-cask-6158a-cask-storage-whiskybroker,2025-04-14 00:00:00,2022-05-02 00:00:00,2350,(RESERVE NOT MET) THIS LOT CURRENTLY HAS: 10 BIDS,TORMORE,2013,SPEYSIDE,STILL IN CASK,PX QUARTER CASK,64.3% AS OF 3/22,74 RLA AS OF 3/22,OPERATIONAL,9,64.3,115.0855365,74,No,WhiskyAuction
https://whiskyauctioneer.com/lot/276854/1-glenrothes-2009-px-sherry-hogshead-4156-cask-storage-whiskybroker,2025-04-14 00:00:00,2020-08-03 00:00:00,8400,(RESERVE HAS BEEN MET) THIS LOT CURRENTLY HAS: 31 BIDS,GLENROTHES,2009,SPEYSIDE,STILL IN CASK,PX SHERRY HOGSHEAD,64.8% AS OF 21/5/2020,213.7208 BULK LITRE AS OF 21/5/2020,OPERATIONAL,11,64.8,213.7208,138.4910784,Yes,WhiskyAuction
https://whiskyauctioneer.com/lot/2403exp2/cask-borders-2024-iwd-quarter-cask-stored-borders-distillery-demeter-collection,2025-04-14 00:00:00,2024-04-08 00:00:00,1499,(No reserve/bid info),BORDERS,2024,LOWLAND,STILL IN CASK,QUARTER CASK,63.50%,89 BULK LITRES,OPERATIONAL,0,63.5,89,56.515,No,WhiskyAuction
https://whiskyauctioneer.com/lot/103695/1-ben-nevis-1996-sherry-butt-2117-21-year-old-cask-storage-ben-nevis,2025-04-14 00:00:00,2018-04-02 00:00:00,45460,(RESERVE HAS BEEN MET) THIS LOT CURRENTLY HAS: 39 BIDS,BEN NEVIS,1996,HIGHLAND,STILL IN CASK,RE-COOPERED EX GUTHRIE NEW FILL SHERRY BUTT,57.20%,398.65 BULK LITRES / 230.76 RLA,OPERATIONAL,21,57.2,403.4265734,230.76,Yes,WhiskyAuction
https://whiskyauctioneer.com/lot/136579/1-ben-nevis-1996-butt-2117-21-year-old-cask-storage-whisky-broker,2025-04-14 00:00:00,2018-10-08 00:00:00,20000,(RESERVE HAS BEEN MET) THIS LOT CURRENTLY HAS: 7 BIDS,BEN NEVIS,1996,HIGHLAND,STILL IN CASK,RE-COOPERED GUTHRIE NEW FILL BUTT,57.20%,415.59 BULK LITRES / 237.77 RLA,OPERATIONAL,21,57.2,415.6818182,237.77,Yes,WhiskyAuction
https://whiskyauctioneer.com/lot/117174/1-ben-nevis-1996-guthrie-cask-2117-21-year-old-cask-storage-ben-nevis,2025-04-14 00:00:00,2018-07-02 00:00:00,17500,(RESERVE NOT MET) THIS LOT CURRENTLY HAS: 11 BIDS,BEN NEVIS,1996,HIGHLAND,STILL IN CASK,RE-COOPERED GUTHRIE NEW FILL BUTT,57.20%,398.65 BULK LITRES / 230.76 RLA,OPERATIONAL,21,57.2,403.4265734,230.76,No,WhiskyAuction
https://whiskyauctioneer.com/lot/112691/1-ben-nevis-1996-guthrie-cask-2117-21-year-old-cask-storage-ben-nevis,2025-04-14 00:00:00,2018-05-07 00:00:00,20000,(RESERVE NOT MET) THIS LOT CURRENTLY HAS: 5 BIDS,BEN NEVIS,1996,HIGHLAND,STILL IN CASK,RE-COOPERED GUTHRIE NEW FILL BUTT,57.20%,398.65 BULK LITRES / 230.76 RLA,OPERATIONAL,21,57.2,403.4265734,230.76,No,WhiskyAuction
https://whiskyauctioneer.com/lot/203503/1-longmorn-2008-refill-barrel-1225-cask-storage-whiskybroker,2025-04-14 00:00:00,2019-09-02 00:00:00,6000,(RESERVE HAS BEEN MET) THIS LOT CURRENTLY HAS: 29 BIDS,LONGMORN,2008,SPEYSIDE,STILL IN CASK,REFILL BARREL,58.2% AS OF 22/07/2019,182.5 LITRE AS OF 22/07/2019,OPERATIONAL,10,58.2,182.5,106.215,Yes,WhiskyAuction
https://whiskyauctioneer.com/lot/1123-06a/1-highland-single-malt-2003-refill-barrel-8-heavily-peated-cask-storage-dm-winchester,2025-04-14 00:00:00,2024-01-08 00:00:00,6000,(RESERVE NOT MET) THIS LOT CURRENTLY HAS: 2 BIDS,Unknown,2003,HIGHLAND,STILL IN CASK,REFILL BARREL,54.4% RLA AS OF 08/2023,152.51 RLA AS OF 08/2023,OPERATIONAL,21,54.4,280.3492647,152.51,No,WhiskyAuction
https://whiskyauctioneer.com/lot/1123-06/highland-single-malt-2003-refill-barrel-8-heavily-peated-cask-storage-dm-winchester,2025-04-14 00:00:00,2023-12-05 00:00:00,11000,(RESERVE NOT MET) THIS LOT CURRENTLY HAS: 8 BIDS,Unknown,2003,HIGHLAND,STILL IN CASK,REFILL BARREL,54.4% RLA AS OF 08/2023,152.51 RLA AS OF 08/2023,OPERATIONAL,20,54.4,280.3492647,152.51,No,WhiskyAuction
https://whiskyauctioneer.com/lot/0322-01a/1-tullibardine-2015-refill-bourbon-cask-650940-%C2%A0cask-storage-north-british-distillery,2025-04-14 00:00:00,2022-05-02 00:00:00,1800,(RESERVE HAS BEEN MET) THIS LOT CURRENTLY HAS: 20 BIDS,TULLIBARDINE,2015,HIGHLAND,STILL IN CASK,REFILL BOURBON,61.0% AS OF DECEMBER 2021,164 BULK LITRES AS OF DECEMBER 2021,OPERATIONAL,7,61,164,100.04,Yes,WhiskyAuction
https://whiskyauctioneer.com/lot/0322-02a/1-tullibardine-2015-refill-bourbon-cask-650941-%C2%A0cask-storage-north-british-distillery,2025-04-14 00:00:00,2022-05-02 00:00:00,1750,(RESERVE HAS BEEN MET) THIS LOT CURRENTLY HAS: 19 BIDS,TULLIBARDINE,2015,HIGHLAND,STILL IN CASK,REFILL BOURBON,60.9% AS OF DECEMBER 2021,152 BULK LITRES AS OF DECEMBER 2021,OPERATIONAL,7,60.9,152,92.568,Yes,WhiskyAuction
https://whiskyauctioneer.com/lot/0322-01/1-tullibardine-2015-refill-bourbon-cask-650940-%C2%A0cask-storage-north-british-distillery-co,2025-04-14 00:00:00,2022-04-04 00:00:00,1100,(RESERVE NOT MET) THIS LOT CURRENTLY HAS: 12 BIDS,TULLIBARDINE,2015,HIGHLAND,STILL IN CASK,REFILL BOURBON,61.0% AS OF DECEMBER 2021,164 BULK LITRES AS OF DECEMBER 2021,OPERATIONAL,7,61,164,100.04,No,WhiskyAuction
https://whiskyauctioneer.com/lot/0322-02/1-tullibardine-2015-refill-bourbon-cask-650941-%C2%A0cask-storage-north-british-distillery-co,2025-04-14 00:00:00,2022-04-04 00:00:00,1100,(RESERVE NOT MET) THIS LOT CURRENTLY HAS: 9 BIDS,TULLIBARDINE,2015,HIGHLAND,STILL IN CASK,REFILL BOURBON,60.9% AS OF DECEMBER 2021,152 BULK LITRES AS OF DECEMBER 2021,OPERATIONAL,7,60.9,152,92.568,No,WhiskyAuction
https://whiskyauctioneer.com/lot/0724-01/cask-port-charlotte-2003-refill-bourbon-barrel-cask-895-stored-bruichladdich,2025-04-14 00:00:00,2024-08-05 00:00:00,26501,(No reserve/bid info),BRUICHLADDICH,2003,ISLAY,STILL IN CASK,REFILL BOURBON BARREL,51% AS OF 4/24,76.5 RLA AS OF 4/24,OPERATIONAL,21,51,150,76.5,No,WhiskyAuction
https://whiskyauctioneer.com/lot/0522-01/1-ardbeg-1994-refill-bourbon-hogshead-cask-storage-whiskybroker,2025-04-14 00:00:00,2022-06-06 00:00:00,205000,(RESERVE HAS BEEN MET) THIS LOT CURRENTLY HAS: 79 BIDS,ARDBEG,1994,ISLAY,STILL IN CASK,REFILL BOURBON HOGSHEAD,51.9% AS OF 3/22,81.2 RLA AS OF 3/22,OPERATIONAL,28,51.9,156.4547206,81.2,Yes,WhiskyAuction
https://whiskyauctioneer.com/lot/0924-02/cask-dailuaine-2016-refill-bourbon-hogshead-305297-stored-lowland-bond,2025-04-14 00:00:00,2024-10-07 00:00:00,1750,(RESERVE NOT MET) THIS LOT CURRENTLY HAS: 7 BIDS,DAILUAINE,2016,ISLAY,STILL IN CASK,REFILL BOURBON HOGSHEAD,61% AS OF JULY 2024,BULK 200 LITRES AS OF JULY 2024,OPERATIONAL,8,61,200,122,No,WhiskyAuction
https://whiskyauctioneer.com/lot/0924-01/cask-dailuaine-2008-refill-bourbon-hogshead-90065091-stored-lowland-bond,2025-04-14 00:00:00,2024-10-07 00:00:00,3472,(RESERVE NOT MET) THIS LOT CURRENTLY HAS: 17 BIDS,DAILUAINE,2008,SPEYSIDE,STILL IN CASK,REFILL BOURBON HOGSHEAD,59.3% AS OF JULY 2024,BULK 212.02 LITRES AS OF JULY 2024,OPERATIONAL,16,59.3,212.02,125.72786,No,WhiskyAuction
https://whiskyauctioneer.com/lot/0924-04/cask-glenrothes-2016-refill-bourbon-hogshead-8259-stored-lowland-bond,2025-04-14 00:00:00,2024-10-07 00:00:00,3150,(RESERVE NOT MET) THIS LOT CURRENTLY HAS: 28 BIDS,GLENROTHES,2016,SPEYSIDE,STILL IN CASK,REFILL BOURBON HOGSHEAD,66.8% AS OF JULY 2024,BULK 240.87 LITRES AS OF JULY 2024,OPERATIONAL,8,66.8,240.87,160.90116,No,WhiskyAuction
https://whiskyauctioneer.com/lot/0822-06/1-orkney-single-malt-2008-single-refill-butt-2-cask-storage-whiskybroker,2025-04-14 00:00:00,2022-09-05 00:00:00,21600,(RESERVE NOT MET) THIS LOT CURRENTLY HAS: 13 BIDS,Highland Park,2008,ISLAND,STILL IN CASK,REFILL BUTT,63.6% AS OF OCTOBER 2021,299.8 RLA AS OF OCT 2020,OPERATIONAL,14,63.6,471.3836478,299.8,No,WhiskyAuction
https://whiskyauctioneer.com/lot/0524-06/cask-island-single-malt-2008-refill-butt-1-stored-whisky-broker,2025-04-14 00:00:00,2024-06-10 00:00:00,17500,(RESERVE NOT MET) THIS LOT CURRENTLY HAS: 5 BIDS,Unknown,2008,ISLAND,STILL IN CASK,REFILL BUTT,64.5% AS OF 06/2024,BULK 485.1 LITRES AS OF 06/2024,OPERATIONAL,16,64.5,485.1,312.8895,No,WhiskyAuction
https://whiskyauctioneer.com/lot/0122-01a/1-ardmore-2009-refill-ex-laphroaig-barrel-709384-cask-storage-whiskybroker,2025-04-14 00:00:00,2022-03-07 00:00:00,4400,(RESERVE HAS BEEN MET) THIS LOT CURRENTLY HAS: 7 BIDS,ARDMORE,2009,HIGHLAND,STILL IN CASK,REFILL EX-LAPHROAIG BARREL,62.4% AS OF 15/1/2021,137.98 BULK LITRE AS OF 15/1/2021,OPERATIONAL,13,62.4,137.98,86.09952,Yes,WhiskyAuction
https://whiskyauctioneer.com/lot/5018481/1-ardmore-2009-refill-ex-laphroaig-barrel-709384-cask-storage-whiskybroker,2025-04-14 00:00:00,2021-08-09 00:00:00,4950,(RESERVE HAS BEEN MET) THIS LOT CURRENTLY HAS: 35 BIDS,ARDMORE,2009,HIGHLAND,STILL IN CASK,REFILL EX-LAPHROAIG BARREL,62.4% AS OF 15/1/2021,137.98 BULK LITRE AS OF 15/1/2021,OPERATIONAL,12,62.4,137.98,86.09952,Yes,WhiskyAuction
https://whiskyauctioneer.com/lot/0122-01/1-ardmore-2009-refill-ex-laphroaig-barrel-709384-cask-storage-whiskybroker,2025-04-14 00:00:00,2022-02-07 00:00:00,3900,(RESERVE NOT MET) THIS LOT CURRENTLY HAS: 10 BIDS,ARDMORE,2009,HIGHLAND,STILL IN CASK,REFILL EX-LAPHROAIG BARREL,62.4% AS OF 15/1/2021,137.98 BULK LITRE AS OF 15/1/2021,OPERATIONAL,13,62.4,137.98,86.09952,No,WhiskyAuction
https://whiskyauctioneer.com/lot/0524-08/cask-speyside-single-malt-glenrothes-2016-refill-hogshead-8261-stored-north-british,2025-04-14 00:00:00,2024-06-10 00:00:00,1350,(RESERVE NOT MET) THIS LOT CURRENTLY HAS: 11 BIDS,GLENROTHES,2016,SPEYSIDE,STILL IN CASK,REFILL HOGSHEAD,66.90% AS OF 29/05/2024,BULK 222.86 LITRES AS OF 29/05/2024,OPERATIONAL,8,66.9,222.86,149.09334,No,WhiskyAuction
https://whiskyauctioneer.com/lot/0524-09/cask-speyside-single-malt-glenrothes-2016-refill-hogshead-8262-stored-north-british,2025-04-14 00:00:00,2024-06-10 00:00:00,1350,(RESERVE NOT MET) THIS LOT CURRENTLY HAS: 11 BIDS,GLENROTHES,2016,SPEYSIDE,STILL IN CASK,REFILL HOGSHEAD,67.9% AS OF 29/05/2024,BULK 222.97 LITRES AS OF 29/05/2024,OPERATIONAL,8,67.9,222.97,151.39663,No,WhiskyAuction
https://whiskyauctioneer.com/lot/67898/1-linkwood-2010-refill-hogshead-cask-144-stored-whisky-broker,2025-04-14 00:00:00,2017-06-05 00:00:00,2200,(RESERVE NOT MET) THIS LOT CURRENTLY HAS: 15 BIDS,LINKWOOD,2010,SPEYSIDE,STILL IN CASK,REFILL HOGSHEAD,,131.04 RLA / 63.4% Strength,OPERATIONAL,7,63.4,206.6876972,131.04,No,WhiskyAuction
https://whiskyauctioneer.com/lot/1124-03/cask-tobermory-1994-hogshead-381012-stored-deanston,2025-04-14 00:00:00,2024-12-02 00:00:00,22500,(RESERVE NOT MET) THIS LOT CURRENTLY HAS: 5 BIDS,TOBERMORY,1994,ISLAND,STILL IN CASK,REFILL HOGSHEAD,50.9% AS OF 11/2024,141.84 BULK LITRES AS OF 11/2024,OPERATIONAL,30,50.9,141.84,72.19656,No,WhiskyAuction
https://whiskyauctioneer.com/lot/5018484/1-speyside-region-2016-refill-hogshead-8259-cask-storage-muirhall,2025-04-14 00:00:00,2021-08-09 00:00:00,2100,(RESERVE HAS BEEN MET) THIS LOT CURRENTLY HAS: 26 BIDS,Unknown,2016,SPEYSIDE,STILL IN CASK,REFILL HOGSHEAD,63.9% AS OF 8/7/2020,437 BULK LITRE AS OF 8/7/2020,OPERATIONAL,5,63.9,437,279.243,Yes,WhiskyAuction
https://whiskyauctioneer.com/lot/138595/1-mystery-speyside-1992-refill-hogshead-1408796-26-year-old-glenlivet,2025-04-14 00:00:00,2018-11-05 00:00:00,14500,(RESERVE HAS BEEN MET) THIS LOT CURRENTLY HAS: 15 BIDS,GLENLIVET,1992,SPEYSIDE,STILL IN CASK,REFILL HOGSHEAD,51.40%,191.6 BULK LITRES / 98.3 RLA,OPERATIONAL,26,51.4,191.2451362,98.3,Yes,WhiskyAuction
https://whiskyauctioneer.com/lot/0222-01/1-speyside-region-1995-refill-sherry-hogshead-9555-2296-cask-storage-glenfarclas,2025-04-14 00:00:00,2022-03-07 00:00:00,28000,(RESERVE HAS BEEN MET) THIS LOT CURRENTLY HAS: 28 BIDS,Unknown,1995,SPEYSIDE,STILL IN CASK,REFILL SHERRY HOGSHEAD,49.9% AS OF JANUARY 2022,211 BULK LITRES AS OF JANUARY 2022,OPERATIONAL,27,49.9,211,105.289,Yes,WhiskyAuction
https://whiskyauctioneer.com/lot/0125-01a/cask-bruichladdich-2010-rivesaltes-hogshead-2129-stored-bruichladdich,2025-04-14 00:00:00,2025-03-10 00:00:00,10500,(RESERVE NOT MET) THIS LOT CURRENTLY HAS: 6 BIDS,BRUICHLADDICH,2010,ISLAY,STILL IN CASK,RIVESALTES HOGSHEAD,60.4% AS OF 01/2025,124 RLA AS OF 01/2025,OPERATIONAL,15,60.4,205.2980132,124,No,WhiskyAuction
https://whiskyauctioneer.com/lot/0125-01/cask-bruichladdich-2010-rivesaltes-hogshead-2129-stored-bruichladdich,2025-04-14 00:00:00,2025-02-10 00:00:00,13000,(RESERVE NOT MET) THIS LOT CURRENTLY HAS: 3 BIDS,BRUICHLADDICH,2010,ISLAY,STILL IN CASK,RIVESALTES HOGSHEAD,60.4% AS OF 01/2025,124 RLA AS OF 01/2025,OPERATIONAL,15,60.4,205.2980132,124,No,WhiskyAuction
https://whiskyauctioneer.com/lot/246047/1-bruichladdich-%E2%80%8B2008-rivesaltes-hogshead-11-year-old-1758-cask-storage-bruichladdich,2025-04-14 00:00:00,2020-02-03 00:00:00,12000,(RESERVE HAS BEEN MET) THIS LOT CURRENTLY HAS: 26 BIDS,BRUICHLADDICH,2007,ISLAY,STILL IN CASK,RIVESALTES HOGSHEAD,62.10%,NEW BULK 194 LITRES / STRENGTH 62.1%.,OPERATIONAL,11,62.1,194,120.474,Yes,WhiskyAuction
https://whiskyauctioneer.com/lot/107055/1-bruichladdich-%E2%80%8Brivesaltes-wine-barrique-2004-716-cask-storage-bruichladdich,2025-04-14 00:00:00,2018-05-07 00:00:00,12850,(RESERVE HAS BEEN MET) THIS LOT CURRENTLY HAS: 52 BIDS,BRUICHLADDICH,2004,ISLAY,STILL IN CASK,RIVESALTES WINE BARRIQUE,64.10%,NEW BULK 201 LITRES / STRENGTH 64.1%.,OPERATIONAL,13,64.1,201,128.841,Yes,WhiskyAuction
https://whiskyauctioneer.com/lot/340214/1-blended-malt-2001-sherry-butt-cask-storage-whiskybroker,2025-04-14 00:00:00,2021-04-05 00:00:00,11500,(RESERVE HAS BEEN MET) THIS LOT CURRENTLY HAS: 49 BIDS,BLENDED,2001,SCOTLAND,STILL IN CASK,SHERRY BUTT,45.5% AS OF 3/2021,453.85 BULK LITRE AS OF 3/2021,OPERATIONAL,19,45.5,453.85,206.50175,Yes,WhiskyAuction
https://whiskyauctioneer.com/lot/1023-01/1-bruichladdich-2002-sherry-butt-000487-cask-storage-bruichladdich,2025-04-14 00:00:00,2023-11-06 00:00:00,55000,(RESERVE NOT MET) THIS LOT CURRENTLY HAS: 7 BIDS,BRUICHLADDICH,2002,ISLAY,STILL IN CASK,SHERRY BUTT,59.6% AS OF 03/2023,242.3 RLA AS OF 08/2023,OPERATIONAL,21,59.6,406.5436242,242.3,No,WhiskyAuction
https://whiskyauctioneer.com/lot/5018483/1-craigellachie-2007-sherry-butt-900189-cask-storage-whiskybroker,2025-04-14 00:00:00,2021-08-09 00:00:00,20000,(RESERVE HAS BEEN MET) THIS LOT CURRENTLY HAS: 23 BIDS,CRAIGELLACHIE,2007,SPEYSIDE,STILL IN CASK,SHERRY BUTT,63.9% AS OF 8/7/2020,439.4 BULK LITRE AS OF 8/7/2020,OPERATIONAL,14,63.9,439.4,280.7766,Yes,WhiskyAuction
https://whiskyauctioneer.com/lot/335404/1-glen-elgin-2013-sherry-butt-814806-cask-storage-coleburn,2025-04-14 00:00:00,2021-03-08 00:00:00,17000,(RESERVE HAS BEEN MET) THIS LOT CURRENTLY HAS: 27 BIDS,GLEN ELGIN,2013,SPEYSIDE,STILL IN CASK,SHERRY BUTT,62.01% AS OF 2/2021,437 BULK LITRE AS OF 2/2021,OPERATIONAL,8,62.01,437,270.9837,Yes,WhiskyAuction
https://whiskyauctioneer.com/lot/0622-01/1-bruichladdich-2002-sherry-hogshead-427-cask-storage-bruichladdich,2025-04-14 00:00:00,2022-07-04 00:00:00,40500,(RESERVE HAS BEEN MET) THIS LOT CURRENTLY HAS: 43 BIDS,BRUICHLADDICH,2002,ISLAY,STILL IN CASK,SHERRY HOGSHEAD,57.2% AS OF MAY 2022,96.8 RLA AS OF MAY 2022,OPERATIONAL,20,57.2,169.2307692,96.8,Yes,WhiskyAuction
https://whiskyauctioneer.com/lot/0921-04/1-bunnahabhain-2010-sherry-hogshead-901209-cask-storage-whiskybroker,2025-04-14 00:00:00,2021-10-04 00:00:00,18500,(RESERVE HAS BEEN MET) THIS LOT CURRENTLY HAS: 42 BIDS,BUNNAHABHAIN,2010,ISLAY,STILL IN CASK,SHERRY HOGSHEAD,67.30% AS OF 8/7/2020,229.0 BULK LITRE AS OF 8/7/2020,OPERATIONAL,10,67.3,229,154.117,Yes,WhiskyAuction
https://whiskyauctioneer.com/lot/5018486/1-bunnahabhain-2010-sherry-hogshead-901209-cask-storage-whiskybroker,2025-04-14 00:00:00,2021-08-09 00:00:00,16000,(RESERVE NOT MET) THIS LOT CURRENTLY HAS: 39 BIDS,BUNNAHABHAIN,2010,ISLAY,STILL IN CASK,SHERRY HOGSHEAD,67.30% AS OF 8/7/2020,229.0 BULK LITRE AS OF 8/7/2020,OPERATIONAL,10,67.3,229,154.117,No,WhiskyAuction
https://whiskyauctioneer.com/lot/314182/1-bunnahabhain-2010-sherry-hogshead-901248-cask-storage-whiskybroker,2025-04-14 00:00:00,2020-12-07 00:00:00,15501,(No reserve/bid info),BUNNAHABHAIN,2010,ISLAY,STILL IN CASK,SHERRY HOGSHEAD,66.10% AS OF 8/7/2020,225.10 BULK LITRE AS OF 8/7/2020,OPERATIONAL,10,66.1,225.1,148.7911,No,WhiskyAuction
https://whiskyauctioneer.com/lot/1223-03/1-tullibardine-2015-1st-fill-vin-santo-octave-650913-cask-storage-whiskybroker,2025-04-14 00:00:00,2024-01-08 00:00:00,1200,(RESERVE NOT MET) THIS LOT CURRENTLY HAS: 3 BIDS,TULLIBARDINE,2015,HIGHLAND,STILL IN CASK,VIN SANTO OCTAVE,57.9% AS OF 16/11/2023,33.2980 RLA AS OF 16/11/2023,OPERATIONAL,9,57.9,57.50949914,33.298,No,WhiskyAuction
https://whiskyauctioneer.com/lot/1124-01a/cask-adnams-2015-french-oak-cask-496-stored-cadus-vaults,2025-04-14 00:00:00,2025-01-06 00:00:00,1000,(RESERVE NOT MET) THIS LOT CURRENTLY HAS: 4 BIDS,COPPER HOUSE,2015,ENGLAND,STILL IN CASK,VIRGIN FRENCH OAK,64.29% AS OF OCTOBER 2024,BULK 173.58 LITRES AS OF OCTOBER 2024,OPERATIONAL,10,64.29,173.58,111.594582,No,WhiskyAuction
https://whiskyauctioneer.com/lot/5001655/1-bruichladdich-2011-wine-hogshead-3093-cask-storage-bruichladdich,2025-04-14 00:00:00,2021-05-10 00:00:00,15600,(RESERVE HAS BEEN MET) THIS LOT CURRENTLY HAS: 16 BIDS,BRUICHLADDICH,2011,ISLAY,STILL IN CASK,WINE HOGSHEAD,63.6% AS OF 3/2021,208 BULK LITRE AS OF 3/2021,OPERATIONAL,9,63.6,208,132.288,Yes,WhiskyAuction
https://whiskyauctioneer.com/lot/0323-02/1-balmenach-2016-barrel-123-cask-storage-whisky-broker,2025-04-14 00:00:00,2023-04-10 00:00:00,2100,(RESERVE NOT MET) THIS LOT CURRENTLY HAS: 4 BIDS,BALMENACH,2016,SPEYSIDE,STILL IN CASK,Unknown,62.1% AS OF 22/03/2023,BULK 154.8152 LITRES AS OF 22/03/2023,OPERATIONAL,7,62.1,154.8152,96.1402392,No,WhiskyAuction
https://whiskyauctioneer.com/lot/0723-03/1-ben-nevis-2013-cask-319-cask-storage-young-spirits,2025-04-14 00:00:00,2023-08-07 00:00:00,6100,(RESERVE NOT MET) THIS LOT CURRENTLY HAS: 6 BIDS,BEN NEVIS,2013,HIGHLAND,STILL IN CASK,Unknown,56.5% AS OF 11.04.23,130.71 BULK LITRES AS OF 11.04.23,OPERATIONAL,10,56.5,130.71,73.85115,No,WhiskyAuction
https://whiskyauctioneer.com/lot/0524-10/cask-glen-garioch-2014-single-cask-7393-stored-north-british,2025-04-14 00:00:00,2024-06-10 00:00:00,2600,(No reserve/bid info),GLEN GARIOCH,2014,HIGHLAND,STILL IN CASK,Unknown,56.4% AS OF 29/05/2024,BULK 158.86 LITRES AS OF 29/05/2024,OPERATIONAL,10,56.4,158.86,89.59704,No,WhiskyAuction
https://whiskyauctioneer.com/lot/0723-01/1-glen-moray-2008-cask-5676-cask-storage-young-spirits,2025-04-14 00:00:00,2023-08-07 00:00:00,4200,(RESERVE NOT MET) THIS LOT CURRENTLY HAS: 7 BIDS,GLEN MORAY,2008,SPEYSIDE,STILL IN CASK,Unknown,51.94% AS OF 11.04.23,94.3 BULK LITRE AS OF 11.04.23,OPERATIONAL,15,51.94,94.3,48.97942,No,WhiskyAuction
https://whiskyauctioneer.com/lot/0723-02/1-royal-brackla-2008-cask-6611-cask-storage-young-spirits,2025-04-14 00:00:00,2023-08-07 00:00:00,6100,(RESERVE NOT MET) THIS LOT CURRENTLY HAS: 11 BIDS,ROYAL BRACKLA,2008,HIGHLAND,STILL IN CASK,Unknown,61.5% AS OF 11.04.23,95.55 BULK LITRES AS OF 11.04.23,OPERATIONAL,15,61.5,95.55,58.76325,No,WhiskyAuction
https://whiskyauctioneer.com/lot/1121-06/1-tullibardine-2015-barrel-94-cask-storage-muirhall-warehouses,2025-04-14 00:00:00,2021-12-06 00:00:00,1700,(RESERVE NOT MET) THIS LOT CURRENTLY HAS: 7 BIDS,TULLIBRADINE,2015,HIGHLAND,STILL IN CASK,Unknown,62%,110.3 RLA,OPERATIONAL,6,62,177.9032258,110.3,No,WhiskyAuction
